CODIGO DANE,DEPARTAMENTO,MUNICIPIO
99,OTRO,NO RESIDENTE EN EL PAIS
5001,ANTIOQUIA,MEDELLIN
5002,ANTIOQUIA,ABEJORRAL
5004,ANTIOQUIA,ABRIAQUI
5021,ANTIOQUIA,ALEJANDRIA
5030,ANTIOQUIA,AMAGA
5031,ANTIOQUIA,AMALFI
5034,ANTIOQUIA,ANDES
5036,ANTIOQUIA,ANGELOPOLIS
5038,ANTIOQUIA,ANGOSTURA
5040,ANTIOQUIA,ANORI
5042,ANTIOQUIA,SANTAFE DE ANTIOQUIA
5044,ANTIOQUIA,ANZA
5045,ANTIOQUIA,APARTADO
5051,ANTIOQUIA,ARBOLETES
5055,ANTIOQUIA,ARGELIA
5059,ANTIOQUIA,ARMENIA
5079,ANTIOQUIA,BARBOSA
5086,ANTIOQUIA,BELMIRA
5088,ANTIOQUIA,BELLO
5091,ANTIOQUIA,BETANIA
5093,ANTIOQUIA,BETULIA
5101,ANTIOQUIA,CIUDAD BOLIVAR
5107,ANTIOQUIA,BRICEÑO
5113,ANTIOQUIA,BURITICA
5120,ANTIOQUIA,CACERES
5125,ANTIOQUIA,CAICEDO
5129,ANTIOQUIA,CALDAS
5134,ANTIOQUIA,CAMPAMENTO
5138,ANTIOQUIA,CAÑASGORDAS
5142,ANTIOQUIA,CARACOLI
5145,ANTIOQUIA,CARAMANTA
5147,ANTIOQUIA,CAREPA
5148,ANTIOQUIA,EL CARMEN DE VIBORAL
5150,ANTIOQUIA,CAROLINA
5154,ANTIOQUIA,CAUCASIA
5172,ANTIOQUIA,CHIGORODO
5190,ANTIOQUIA,CISNEROS
5197,ANTIOQUIA,COCORNA
5206,ANTIOQUIA,CONCEPCION
5209,ANTIOQUIA,CONCORDIA
5212,ANTIOQUIA,COPACABANA
5234,ANTIOQUIA,DABEIBA
5237,ANTIOQUIA,DON MATIAS
5240,ANTIOQUIA,EBEJICO
5250,ANTIOQUIA,EL BAGRE
5264,ANTIOQUIA,ENTRERRIOS
5266,ANTIOQUIA,ENVIGADO
5282,ANTIOQUIA,FREDONIA
5284,ANTIOQUIA,FRONTINO
5306,ANTIOQUIA,GIRALDO
5308,ANTIOQUIA,GIRARDOTA
5310,ANTIOQUIA,GOMEZ PLATA
5313,ANTIOQUIA,GRANADA
5315,ANTIOQUIA,GUADALUPE
5318,ANTIOQUIA,GUARNE
5321,ANTIOQUIA,GUATAPE
5347,ANTIOQUIA,HELICONIA
5353,ANTIOQUIA,HISPANIA
5360,ANTIOQUIA,ITAGÜI
5361,ANTIOQUIA,ITUANGO
5364,ANTIOQUIA,JARDIN
5368,ANTIOQUIA,JERICO
5376,ANTIOQUIA,LA CEJA
5380,ANTIOQUIA,LA ESTRELLA
5390,ANTIOQUIA,LA PINTADA
5400,ANTIOQUIA,LA UNION
5411,ANTIOQUIA,LIBORINA
5425,ANTIOQUIA,MACEO
5440,ANTIOQUIA,MARINILLA
5467,ANTIOQUIA,MONTEBELLO
5475,ANTIOQUIA,MURINDO
5480,ANTIOQUIA,MUTATA
5483,ANTIOQUIA,NARIÑO
5490,ANTIOQUIA,NECOCLI
5495,ANTIOQUIA,NECHI
5501,ANTIOQUIA,OLAYA
5541,ANTIOQUIA,PEÑOL
5543,ANTIOQUIA,PEQUE
5576,ANTIOQUIA,PUEBLORRICO
5579,ANTIOQUIA,PUERTO BERRIO
5585,ANTIOQUIA,PUERTO NARE
5591,ANTIOQUIA,PUERTO TRIUNFO
5604,ANTIOQUIA,REMEDIOS
5607,ANTIOQUIA,RETIRO
5615,ANTIOQUIA,RIONEGRO
5628,ANTIOQUIA,SABANALARGA
5631,ANTIOQUIA,SABANETA
5642,ANTIOQUIA,SALGAR
5647,ANTIOQUIA,SAN ANDRES
5649,ANTIOQUIA,SAN CARLOS
5652,ANTIOQUIA,SAN FRANCISCO
5656,ANTIOQUIA,SAN JERONIMO
5658,ANTIOQUIA,SAN JOSE DE LA MONTAÑA
5659,ANTIOQUIA,SAN JUAN DE URABA
5660,ANTIOQUIA,SAN LUIS
5664,ANTIOQUIA,SAN PEDRO
5665,ANTIOQUIA,SAN PEDRO DE URABA
5667,ANTIOQUIA,SAN RAFAEL
5670,ANTIOQUIA,SAN ROQUE
5674,ANTIOQUIA,SAN VICENTE
5679,ANTIOQUIA,SANTA BARBARA
5686,ANTIOQUIA,SANTA ROSA DE OSOS
5690,ANTIOQUIA,SANTO DOMINGO
5697,ANTIOQUIA,EL SANTUARIO
5736,ANTIOQUIA,SEGOVIA
5756,ANTIOQUIA,SONSON
5761,ANTIOQUIA,SOPETRAN
5789,ANTIOQUIA,TAMESIS
5790,ANTIOQUIA,TARAZA
5792,ANTIOQUIA,TARSO
5809,ANTIOQUIA,TITIRIBI
5819,ANTIOQUIA,TOLEDO
5837,ANTIOQUIA,TURBO
5842,ANTIOQUIA,URAMITA
5847,ANTIOQUIA,URRAO
5854,ANTIOQUIA,VALDIVIA
5856,ANTIOQUIA,VALPARAISO
5858,ANTIOQUIA,VEGACHI
5861,ANTIOQUIA,VENECIA
5873,ANTIOQUIA,VIGIA DEL FUERTE
5885,ANTIOQUIA,YALI
5887,ANTIOQUIA,YARUMAL
5890,ANTIOQUIA,YOLOMBO
5893,ANTIOQUIA,YONDO
5895,ANTIOQUIA,ZARAGOZA
8001,ATLANTICO,BARRANQUILLA
8078,ATLANTICO,BARANOA
8137,ATLANTICO,CAMPO DE LA CRUZ
8141,ATLANTICO,CANDELARIA
8296,ATLANTICO,GALAPA
8372,ATLANTICO,JUAN DE ACOSTA
8421,ATLANTICO,LURUACO
8433,ATLANTICO,MALAMBO
8436,ATLANTICO,MANATÍ
8520,ATLANTICO,PALMAR DE VARELA
8549,ATLANTICO,PIOJÓ
8558,ATLANTICO,POLONUEVO
8560,ATLANTICO,PONEDERA
8573,ATLANTICO,PUERTO COLOMBIA
8606,ATLANTICO,REPELÓN
8634,ATLANTICO,SABANAGRANDE
8638,ATLANTICO,SABANALARGA
8675,ATLANTICO,SANTA LUCÍA
8685,ATLANTICO,SANTO TOMAS
8758,ATLANTICO,SOLEDAD
8770,ATLANTICO,SUAN
8832,ATLANTICO,TUBARÁ
8849,ATLANTICO,USIACURÍ
11001,BOGOTA D.C.,BOGOTÁ D.C.
13001,BOLIVAR,CARTAGENA
13006,BOLIVAR,ACHÍ
13030,BOLIVAR,ALTOS DEL ROSARIO
13042,BOLIVAR,ARENAL
13052,BOLIVAR,ARJONA
13062,BOLIVAR,ARROYOHONDO
13074,BOLIVAR,BARRANCO DE LOBA
13140,BOLIVAR,CALAMAR
13160,BOLIVAR,CANTAGALLO
13188,BOLIVAR,CICUCO
13212,BOLIVAR,CÓRDOBA
13222,BOLIVAR,CLEMENCIA
13244,BOLIVAR,EL CARMEN DE BOLÍVAR
13248,BOLIVAR,EL GUAMO
13268,BOLIVAR,EL PEÑÓN
13300,BOLIVAR,HATILLO DE LOBA
13430,BOLIVAR,MAGANGUÉ
13433,BOLIVAR,MAHATES
13440,BOLIVAR,MARGARITA
13442,BOLIVAR,MARÍA LA BAJA
13458,BOLIVAR,MONTECRISTO
13468,BOLIVAR,MOMPÓS
13473,BOLIVAR,MORALES
13490,BOLIVAR,NOROSI
13549,BOLIVAR,PINILLOS
13580,BOLIVAR,REGIDOR
13600,BOLIVAR,RÍO VIEJO
13620,BOLIVAR,SAN CRISTOBAL
13647,BOLIVAR,SAN ESTANISLAO
13650,BOLIVAR,SAN FERNANDO
13654,BOLIVAR,SAN JACINTO
13655,BOLIVAR,SAN JACINTO DEL CAUCA
13657,BOLIVAR,SAN JUAN NEPOMUCENO
13667,BOLIVAR,SAN MARTÍN DE LOBA
13670,BOLIVAR,SAN PABLO
13673,BOLIVAR,SANTA CATALINA
13683,BOLIVAR,SANTA ROSA
13688,BOLIVAR,SANTA ROSA DEL SUR
13744,BOLIVAR,SIMITÍ
13760,BOLIVAR,SOPLAVIENTO
13780,BOLIVAR,TALAIGUA NUEVO
13810,BOLIVAR,TIQUISIO
13836,BOLIVAR,TURBACO
13838,BOLIVAR,TURBANÁ
13873,BOLIVAR,VILLANUEVA
13894,BOLIVAR,ZAMBRANO
15001,BOYACA,TUNJA
15022,BOYACA,ALMEIDA
15047,BOYACA,AQUITANIA
15051,BOYACA,ARCABUCO
15087,BOYACA,BELÉN
15090,BOYACÁ,BERBEO
15092,BOYACA,BETÉITIVA
15097,BOYACA,BOAVITA
15104,BOYACA,BOYACÁ
15106,BOYACA,BRICEÑO
15109,BOYACA,BUENAVISTA
15114,BOYACA,BUSBANZÁ
15131,BOYACA,CALDAS
15135,BOYACA,CAMPOHERMOSO
15162,BOYACA,CERINZA
15172,BOYACA,CHINAVITA
15176,BOYACA,CHIQUINQUIRÁ
15180,BOYACA,CHISCAS
15183,BOYACA,CHITA
15185,BOYACA,CHITARAQUE
15187,BOYACA,CHIVATÁ
15189,BOYACA,CIENEGA
15204,BOYACA,COMBITA
15212,BOYACA,COPER
15215,BOYACA,CORRALES
15218,BOYACA,COVARACHÍA
15223,BOYACA,CUBARÁ
15224,BOYACA,CUCAITA
15226,BOYACA,CUITIIVA
15232,BOYACA,CHIQUIZA
15236,BOYACA,CHIVOR
15238,BOYACA,DUITAMA
15244,BOYACA,EL COCUY
15248,BOYACA,EL ESPINO
15272,BOYACA,FIRAVITOBA
15276,BOYACA,FLORESTA
15293,BOYACA,GACHANTIVÁ
15296,BOYACA,GAMEZA
15299,BOYACA,GARAGOA
15317,BOYACA,GUACAMAYAS
15322,BOYACA,GUATEQUE
15325,BOYACA,GUAYATÁ
15332,BOYACA,GÜICÁN
15362,BOYACA,IZA
15367,BOYACA,JENESANO
15368,BOYACA,JERICÓ
15377,BOYACA,LABRANZAGRANDE
15380,BOYACA,LA CAPILLA
15401,BOYACA,LA VICTORIA
15403,BOYACA,LA UVITA
15407,BOYACA,VILLA DE LEYVA
15425,BOYACA,MACANAL
15442,BOYACA,MARIPÍ
15455,BOYACA,MIRAFLORES
15464,BOYACA,MONGUA
15466,BOYACA,MONGUÍ
15469,BOYACA,MONIQUIRÁ
15476,BOYACA,MOTAVITA
15480,BOYACA,MUZO
15491,BOYACA,NOBSA
15494,BOYACA,NUEVO COLÓN
15500,BOYACA,OICATA
15507,BOYACA,OTANCHE
15511,BOYACA,PACHAVITA
15514,BOYACA,PAEZ
15516,BOYACA,PAIPA
15518,BOYACA,PAJARITO
15522,BOYACA,PANQUEBA
15531,BOYACA,PAUNA
15533,BOYACA,PAYA
15537,BOYACA,PAZ DE RÍO
15542,BOYACA,PESCA
15550,BOYACA,PISBA
15572,BOYACA,PUERTO BOYACÁ
15580,BOYACA,QUIPAMA
15599,BOYACA,RAMIRIQUÍ
15600,BOYACA,RAQUIRA
15621,BOYACA,RONDÓN
15632,BOYACA,SABOYÁ
15638,BOYACA,SACHICA
15646,BOYACA,SAMACÁ
15660,BOYACA,SAN EDUARDO
15664,BOYACA,SAN JOSÉ DE PARE
15667,BOYACA,SAN LUIS DE GACENO
15673,BOYACA,SAN MATEO
15676,BOYACA,SAN MIGUEL DE SEMA
15681,BOYACA,SAN PABLO BORBUR
15686,BOYACA,SANTANA
15690,BOYACA,SANTA MARÍA
15693,BOYACA,SANTA ROSA DE VITERBO
15696,BOYACA,SANTA SOFÍA
15720,BOYACA,SATIVANORTE
15723,BOYACA,SATIVASUR
15740,BOYACA,SIACHOQUE
15753,BOYACA,SOATÁ
15755,BOYACA,SOCOTÁ
15757,BOYACA,SOCHA
15759,BOYACA,SOGAMOSO
15761,BOYACA,SOMONDOCO
15762,BOYACA,SORA
15763,BOYACA,SOTAQUIRÁ
15764,BOYACA,SORACÁ
15774,BOYACA,SUSACÓN
15776,BOYACA,SUTAMARCHÁN
15778,BOYACA,SUTATENZA
15790,BOYACA,TASCO
15798,BOYACA,TENZA
15804,BOYACA,TIBANÁ
15806,BOYACA,TIBASOSA
15808,BOYACA,TINJACÁ
15810,BOYACA,TIPACOQUE
15814,BOYACA,TOCA
15816,BOYACA,TOGÜÍ
15820,BOYACA,TOPAGA
15822,BOYACA,TOTA
15832,BOYACA,TUNUNGUÁ
15835,BOYACA,TURMEQUÉ
15837,BOYACA,TUTA
15839,BOYACA,TUTASÁ
15842,BOYACA,UMBITA
15861,BOYACA,VENTAQUEMADA
15879,BOYACA,VIRACACHÁ
15897,BOYACA,ZETAQUIRA
17001,CALDAS,MANIZALES
17013,CALDAS,AGUADAS
17042,CALDAS,ANSERMA
17050,CALDAS,ARANZAZU
17088,CALDAS,BELALCÁZAR
17174,CALDAS,CHINCHINÁ
17272,CALDAS,FILADELFIA
17380,CALDAS,LA DORADA
17388,CALDAS,LA MERCED
17433,CALDAS,MANZANARES
17442,CALDAS,MARMATO
17444,CALDAS,MARQUETALIA
17446,CALDAS,MARULANDA
17486,CALDAS,NEIRA
17495,CALDAS,NORCASIA
17513,CALDAS,PÁCORA
17524,CALDAS,PALESTINA
17541,CALDAS,PENSILVANIA
17614,CALDAS,RIOSUCIO
17616,CALDAS,RISARALDA
17653,CALDAS,SALAMINA
17662,CALDAS,SAMANÁ
17665,CALDAS,SAN JOSÉ
17777,CALDAS,SUPÍA
17867,CALDAS,VICTORIA
17873,CALDAS,VILLAMARÍA
17877,CALDAS,VITERBO
18001,CAQUETÁ,FLORENCIA
18029,CAQUETÁ,ALBANIA
18094,CAQUETÁ,BELÉN DE LOS ANDAQUÍES
18150,CAQUETÁ,CARTAGENA DEL CHAIRÁ
18205,CAQUETÁ,CURRILLO
18247,CAQUETÁ,EL DONCELLO
18256,CAQUETÁ,EL PAUJIL
18410,CAQUETÁ,LA MONTAÑITA
18460,CAQUETÁ,MILÁN
18479,CAQUETÁ,MORELIA
18592,CAQUETÁ,PUERTO RICO
18610,CAQUETÁ,SAN JOSÉ DE LA FRAGUA
18753,CAQUETÁ,SAN VICENTE DEL CAGUÁN
18756,CAQUETÁ,SOLANO
18785,CAQUETÁ,SOLITA
18860,CAQUETÁ,VALPARAÍSO
19001,CAUCA,POPAYÁN
19022,CAUCA,ALMAGUER
19050,CAUCA,ARGELIA
19075,CAUCA,BALBOA
19100,CAUCA,BOLÍVAR
19110,CAUCA,BUENOS AIRES
19130,CAUCA,CAJIBÍO
19137,CAUCA,CALDONO
19142,CAUCA,CALOTO
19212,CAUCA,CORINTO
19256,CAUCA,EL TAMBO
19290,CAUCA,FLORENCIA
19300,CAUCA,GUACHENE
19318,CAUCA,GUAPI
19355,CAUCA,INZÁ
19364,CAUCA,JAMBALÓ
19392,CAUCA,LA SIERRA
19397,CAUCA,LA VEGA
19418,CAUCA,LÓPEZ
19450,CAUCA,MERCADERES
19455,CAUCA,MIRANDA
19473,CAUCA,MORALES
19513,CAUCA,PADILLA
19517,CAUCA,PÁEZ
19532,CAUCA,PATÍA
19533,CAUCA,PIAMONTE
19548,CAUCA,PIENDAMÓ
19573,CAUCA,PUERTO TEJADA
19585,CAUCA,PURACÉ
19622,CAUCA,ROSAS
19693,CAUCA,SAN SEBASTIÁN
19698,CAUCA,SANTANDER DE QUILICHAO
19701,CAUCA,SANTA ROSA
19743,CAUCA,SILVIA
19760,CAUCA,SOTARÁ
19780,CAUCA,SUÁREZ
19785,CAUCA,SUCRE
19807,CAUCA,TIMBÍO
19809,CAUCA,TIMBIQUÍ
19821,CAUCA,TORIBÍO
19824,CAUCA,TOTORÓ
19845,CAUCA,VILLA RICA
20001,CESAR,VALLEDUPAR
20011,CESAR,AGUACHICA
20013,CESAR,AGUSTÍN CODAZZI
20032,CESAR,ASTREA
20045,CESAR,BECERRIL
20060,CESAR,BOSCONIA
20175,CESAR,CHIMICHAGUA
20178,CESAR,CHIRIGUANÁ
20228,CESAR,CURUMANÍ
20238,CESAR,EL COPEY
20250,CESAR,EL PASO
20295,CESAR,GAMARRA
20310,CESAR,GONZÁLEZ
20383,CESAR,LA GLORIA
20400,CESAR,LA JAGUA DE IBIRICO
20443,CESAR,MANAURE
20517,CESAR,PAILITAS
20550,CESAR,PELAYA
20570,CESAR,PUEBLO BELLO
20614,CESAR,RÍO DE ORO
20621,CESAR,LA PAZ
20710,CESAR,SAN ALBERTO
20750,CESAR,SAN DIEGO
20770,CESAR,SAN MARTÍN
20787,CESAR,TAMALAMEQUE
23001,CÓRDOBA,MONTERÍA
23068,CÓRDOBA,AYAPEL
23079,CÓRDOBA,BUENAVISTA
23090,CÓRDOBA,CANALETE
23162,CÓRDOBA,CERETÉ
23168,CÓRDOBA,CHIMA
23182,CÓRDOBA,CHINÚ
23189,CÓRDOBA,CIÉNAGA DE ORO
23300,CÓRDOBA,COTORRA
23350,CÓRDOBA,LA APARTADA
23417,CÓRDOBA,LORICA
23419,CÓRDOBA,LOS CÓRDOBAS
23464,CÓRDOBA,MOMIL
23466,CÓRDOBA,MONTELÍBANO
23500,CÓRDOBA,MOÑITOS
23555,CÓRDOBA,PLANETA RICA
23570,CÓRDOBA,PUEBLO NUEVO
23574,CÓRDOBA,PUERTO ESCONDIDO
23580,CÓRDOBA,PUERTO LIBERTADOR
23586,CÓRDOBA,PURÍSIMA
23660,CÓRDOBA,SAHAGÚN
23670,CÓRDOBA,SAN ANDRÉS DE SOTAVET0
23672,CÓRDOBA,SAN ANTERO
23675,CÓRDOBA,SAN BERNARDO DEL VIENTO
23678,CÓRDOBA,SAN CARLOS
23682,CORDOBA,SAN JOSE DE URE
23686,CÓRDOBA,SAN PELAYO
23807,CÓRDOBA,TIERRALTA
23815,CORDOBA,TUCHIN
23855,CÓRDOBA,VALENCIA
23991,CORDOBA,ZZZCERROMATOSO
25001,CUNDINAMARCA,AGUA DE DIOS
25019,CUNDINAMARCA,ALBÁN
25035,CUNDINAMARCA,ANAPOIMA
25040,CUNDINAMARCA,ANOLAIMA
25053,CUNDINAMARCA,ARBELÁEZ
25086,CUNDINAMARCA,BELTRÁN
25095,CUNDINAMARCA,BITUIMA
25099,CUNDINAMARCA,BOJACÁ
25120,CUNDINAMARCA,CABRERA
25123,CUNDINAMARCA,CACHIPAY
25126,CUNDINAMARCA,CAJICÁ
25148,CUNDINAMARCA,CAPARRAPÍ
25151,CUNDINAMARCA,CÁQUEZA
25154,CUNDINAMARCA,CARMEN DE CARUPA
25168,CUNDINAMARCA,CHAGUANÍ
25175,CUNDINAMARCA,CHÍA
25178,CUNDINAMARCA,CHIPAQUE
25181,CUNDINAMARCA,CHOACHÍ
25183,CUNDINAMARCA,CHOCONTÁ
25200,CUNDINAMARCA,COGUA
25214,CUNDINAMARCA,COTA
25224,CUNDINAMARCA,CUCUNUBÁ
25245,CUNDINAMARCA,EL COLEGIO
25258,CUNDINAMARCA,EL PEÑÓN
25260,CUNDINAMARCA,EL ROSAL
25269,CUNDINAMARCA,FACATATIVÁ
25279,CUNDINAMARCA,FÓMEQUE
25281,CUNDINAMARCA,FOSCA
25286,CUNDINAMARCA,FUNZA
25288,CUNDINAMARCA,FÚQUENE
25290,CUNDINAMARCA,FUSAGASUGÁ
25293,CUNDINAMARCA,GACHALÁ
25295,CUNDINAMARCA,GACHANCIPÁ
25297,CUNDINAMARCA,GACHETÁ
25299,CUNDINAMARCA,GAMA
25307,CUNDINAMARCA,GIRARDOT
25312,CUNDINAMARCA,GRANADA
25317,CUNDINAMARCA,GUACHETÁ
25320,CUNDINAMARCA,GUADUAS
25322,CUNDINAMARCA,GUASCA
25324,CUNDINAMARCA,GUATAQUÍ
25326,CUNDINAMARCA,GUATAVITA
25328,CUNDINAMARCA,GUAYABAL DE SÍQUIMA
25335,CUNDINAMARCA,GUAYABETAL
25339,CUNDINAMARCA,GUTIÉRREZ
25368,CUNDINAMARCA,JERUSALÉN
25372,CUNDINAMARCA,JUNÍN
25377,CUNDINAMARCA,LA CALERA
25386,CUNDINAMARCA,LA MESA
25394,CUNDINAMARCA,LA PALMA
25398,CUNDINAMARCA,LA PEÑA
25402,CUNDINAMARCA,LA VEGA
25407,CUNDINAMARCA,LENGUAZAQUE
25426,CUNDINAMARCA,MACHETÁ
25430,CUNDINAMARCA,MADRID
25436,CUNDINAMARCA,MANTA
25438,CUNDINAMARCA,MEDINA
25473,CUNDINAMARCA,MOSQUERA
25483,CUNDINAMARCA,NARIÑO
25486,CUNDINAMARCA,NEMOCÓN
25488,CUNDINAMARCA,NILO
25489,CUNDINAMARCA,NIMAIMA
25491,CUNDINAMARCA,NOCAIMA
25506,CUNDINAMARCA,VENECIA
25513,CUNDINAMARCA,PACHO
25518,CUNDINAMARCA,PAIME
25524,CUNDINAMARCA,PANDI
25530,CUNDINAMARCA,PARATEBUENO
25535,CUNDINAMARCA,PASCA
25572,CUNDINAMARCA,PUERTO SALGAR
25580,CUNDINAMARCA,PULÍ
25592,CUNDINAMARCA,QUEBRADANEGRA
25594,CUNDINAMARCA,QUETAME
25596,CUNDINAMARCA,QUÍPILE
25599,CUNDINAMARCA,APULO
25612,CUNDINAMARCA,RICAURTE
25645,CUNDINAMARCA,SAN ANTONIO DE TEQUENDAMA
25649,CUNDINAMARCA,SAN BERNARDO
25653,CUNDINAMARCA,SAN CAYETANO
25658,CUNDINAMARCA,SAN FRANCISCO
25662,CUNDINAMARCA,SAN JUAN DE RIOSECO
25718,CUNDINAMARCA,SASAIMA
25736,CUNDINAMARCA,SESQUILÉ
25740,CUNDINAMARCA,SIBATÉ
25743,CUNDINAMARCA,SILVANIA
25745,CUNDINAMARCA,SIMIJACA
25754,CUNDINAMARCA,SOACHA
25758,CUNDINAMARCA,SOPÓ
25769,CUNDINAMARCA,SUBACHOQUE
25772,CUNDINAMARCA,SUESCA
25777,CUNDINAMARCA,SUPATÁ
25779,CUNDINAMARCA,SUSA
25781,CUNDINAMARCA,SUTATAUSA
25785,CUNDINAMARCA,TABIO
25793,CUNDINAMARCA,TAUSA
25797,CUNDINAMARCA,TENA
25799,CUNDINAMARCA,TENJO
25805,CUNDINAMARCA,TIBACUY
25807,CUNDINAMARCA,TIBIRITA
25815,CUNDINAMARCA,TOCAIMA
25817,CUNDINAMARCA,TOCANCIPÁ
25823,CUNDINAMARCA,TOPAIPÍ
25839,CUNDINAMARCA,UBALÁ
25841,CUNDINAMARCA,UBAQUE
25843,CUNDINAMARCA,UBATÉ
25845,CUNDINAMARCA,UNE
25851,CUNDINAMARCA,ÚTICA
25862,CUNDINAMARCA,VERGARA
25867,CUNDINAMARCA,VIANÍ
25871,CUNDINAMARCA,VILLAGÓMEZ
25873,CUNDINAMARCA,VILLAPINZÓN
25875,CUNDINAMARCA,VILLETA
25878,CUNDINAMARCA,VIOTÁ
25885,CUNDINAMARCA,YACOPÍ
25898,CUNDINAMARCA,ZIPACÓN
25899,CUNDINAMARCA,ZIPAQUIRA
27001,CHOCÓ,QUIBDO
27006,CHOCÓ,ACANDÍ
27025,CHOCÓ,ALTO BAUDÓ
27050,CHOCÓ,ATRATO
27073,CHOCÓ,BAGADÓ
27075,CHOCÓ,BAHÍA SOLANO
27077,CHOCÓ,BAJO BAUDÓ
27086,CHOCÓ,ZZZBELEN DE BAJIRA
27099,CHOCÓ,BOJAYÁ
27135,CHOCÓ,CANTÓN DEL SAN PABLO
27150,CHOCÓ,CARMEN DEL DARIEN
27160,CHOCÓ,CERTEGUI
27205,CHOCÓ,CONDOTO
27245,CHOCÓ,EL CARMEN DE ATRATO
27250,CHOCÓ,LITORAL DEL BAJO SAN JUAN
27361,CHOCÓ,ISTMINA
27372,CHOCÓ,JURADÓ
27413,CHOCÓ,LLORÓ
27425,CHOCÓ,MEDIO ATRATO
27430,CHOCÓ,MEDIO BAUDO
27450,CHOCÓ,MEDIO SAN JUAN
27491,CHOCÓ,NÓVITA
27495,CHOCÓ,NUQUÍ
27580,CHOCÓ,RÍO IRO
27600,CHOCÓ,RIO QUITO
27615,CHOCÓ,RIOSUCIO
27660,CHOCÓ,SAN JOSÉ DEL PALMAR
27745,CHOCÓ,SIPÍ
27787,CHOCÓ,TADÓ
27800,CHOCÓ,UNGUÍA
27810,CHOCÓ,UNIÓN PANAMERICANA
41001,HUILA,NEIVA
41006,HUILA,ACEVEDO
41013,HUILA,AGRADO
41016,HUILA,AIPE
41020,HUILA,ALGECIRAS
41026,HUILA,ALTAMIRA
41078,HUILA,BARAYA
41132,HUILA,CAMPOALEGRE
41206,HUILA,COLOMBIA
41244,HUILA,ELÍAS
41298,HUILA,GARZÓN
41306,HUILA,GIGANTE
41319,HUILA,GUADALUPE
41349,HUILA,HOBO
41357,HUILA,IQUIRA
41359,HUILA,ISNOS
41378,HUILA,LA ARGENTINA
41396,HUILA,LA PLATA
41483,HUILA,NÁTAGA
41503,HUILA,OPORAPA
41518,HUILA,PAICOL
41524,HUILA,PALERMO
41530,HUILA,PALESTINA
41548,HUILA,PITAL
41551,HUILA,PITALITO
41615,HUILA,RIVERA
41660,HUILA,SALADOBLANCO
41668,HUILA,SAN AGUSTÍN
41676,HUILA,SANTA MARÍA
41770,HUILA,SUAZA
41791,HUILA,TARQUI
41797,HUILA,TESALIA
41799,HUILA,TELLO
41801,HUILA,TERUEL
41807,HUILA,TIMANÁ
41872,HUILA,VILLAVIEJA
41885,HUILA,YAGUARÁ
44001,LA GUAJIRA,RIOHACHA
44035,LA GUAJIRA,ALBANIA
44078,LA GUAJIRA,BARRANCAS
44090,LA GUAJIRA,DIBULLA
44098,LA GUAJIRA,DISTRACCION
44110,LA GUAJIRA,EL MOLINO
44279,LA GUAJIRA,FONSECA
44378,LA GUAJIRA,HATONUEVO
44420,LA GUAJIRA,LA JAGUA DEL PILAR
44430,LA GUAJIRA,MAICAO
44560,LA GUAJIRA,MANAURE
44650,LA GUAJIRA,SAN JUAN DEL CESAR
44847,LA GUAJIRA,URIBIA
44855,LA GUAJIRA,URUMITA
44874,LA GUAJIRA,VILLANUEVA
47001,MAGDALENA,SANTA MARTA
47030,MAGDALENA,ALGARROBO
47053,MAGDALENA,ARACATACA
47058,MAGDALENA,ARIGUANÍ
47161,MAGDALENA,CERRO SAN ANTONIO
47170,MAGDALENA,CHIVOLÓ
47189,MAGDALENA,CIÉNAGA
47205,MAGDALENA,CONCORDIA
47245,MAGDALENA,EL BANCO
47258,MAGDALENA,EL PIÑÓN
47268,MAGDALENA,EL RETÉN
47288,MAGDALENA,FUNDACIÓN
47318,MAGDALENA,GUAMAL
47460,MAGDALENA,NUEVA GRANADA
47541,MAGDALENA,PEDRAZA
47545,MAGDALENA,PIJINO DEL CARMEN
47551,MAGDALENA,PIVIJAY
47555,MAGDALENA,PLATO
47570,MAGDALENA,PUEBLOVIEJO
47605,MAGDALENA,REMOLINO
47660,MAGDALENA,SABANAS DE SAN ÁNGEL
47675,MAGDALENA,SALAMINA
47692,MAGDALENA,SAN SEBASTIÁN DE BUENAVISTA
47703,MAGDALENA,SAN ZENÓN
47707,MAGDALENA,SANTA ANA
47720,MAGDALENA,SANTA BARBARA DE PINTO
47745,MAGDALENA,SITIONUEVO
47798,MAGDALENA,TENERIFE
47960,MAGDALENA,ZAPAYÁN
47980,MAGDALENA,ZONA BANANERA
50001,META,VILLAVICENCIO
50006,META,ACACÍAS
50110,META,BARRANCA DE UPÍA
50124,META,CABUYARO
50150,META,CASTILLA LA NUEVA
50223,META,CUBARRAL
50226,META,CUMARAL
50245,META,EL CALVARIO
50251,META,EL CASTILLO
50270,META,EL DORADO
50287,META,FUENTE DE ORO
50313,META,GRANADA
50318,META,GUAMAL
50325,META,MAPIRIPÁN
50330,META,MESETAS
50350,META,LA MACARENA
50370,META,URIBE
50400,META,LEJANÍAS
50450,META,PUERTO CONCORDIA
50568,META,PUERTO GAITÁN
50573,META,PUERTO LÓPEZ
50577,META,PUERTO LLERAS
50590,META,PUERTO RICO
50606,META,RESTREPO
50680,META,SAN CARLOS DE GUAROA
50683,META,SAN JUAN DE ARAMA
50686,META,SAN JUANITO
50689,META,SAN MARTÍN
50711,META,VISTA HERMOSA
52001,NARIÑO,PASTO
52019,NARIÑO,ALBÁN
52022,NARIÑO,ALDANA
52036,NARIÑO,ANCUYÁ
52051,NARIÑO,ARBOLEDA
52079,NARIÑO,BARBACOAS
52083,NARIÑO,BELÉN
52110,NARIÑO,BUESACO
52203,NARIÑO,COLÓN
52207,NARIÑO,CONSACÁ
52210,NARIÑO,CONTADERO
52215,NARIÑO,CÓRDOBA
52224,NARIÑO,CUASPUD
52227,NARIÑO,CUMBAL
52233,NARIÑO,CUMBITARA
52240,NARIÑO,CHACHAGUÍ
52250,NARIÑO,EL CHARCO
52254,NARIÑO,EL PEÑOL
52256,NARIÑO,EL ROSARIO
52258,NARIÑO,EL TABLÓN
52260,NARIÑO,EL TAMBO
52287,NARIÑO,FUNES
52317,NARIÑO,GUACHUCAL
52320,NARIÑO,GUAITARILLA
52323,NARIÑO,GUALMATÁN
52352,NARIÑO,ILES
52354,NARIÑO,IMUÉS
52356,NARIÑO,IPIALES
52378,NARIÑO,LA CRUZ
52381,NARIÑO,LA FLORIDA
52385,NARIÑO,LA LLANADA
52390,NARIÑO,LA TOLA
52399,NARIÑO,LA UNIÓN
52405,NARIÑO,LEIVA
52411,NARIÑO,LINARES
52418,NARIÑO,LOS ANDES
52427,NARIÑO,MAGUÍ
52435,NARIÑO,MALLAMA
52473,NARIÑO,MOSQUERA
52480,NARIÑO,NARIÑO
52490,NARIÑO,OLAYA HERRERA
52506,NARIÑO,OSPINA
52520,NARIÑO,FRANCISCO PIZARRO
52540,NARIÑO,POLICARPA
52560,NARIÑO,POTOSÍ
52565,NARIÑO,PROVIDENCIA
52573,NARIÑO,PUERRES
52585,NARIÑO,PUPIALES
52612,NARIÑO,RICAURTE
52621,NARIÑO,ROBERTO PAYÁN
52678,NARIÑO,SAMANIEGO
52683,NARIÑO,SANDONÁ
52685,NARIÑO,SAN BERNARDO
52687,NARIÑO,SAN LORENZO
52693,NARIÑO,SAN PABLO
52694,NARIÑO,SAN PEDRO DE CARTAGO
52696,NARIÑO,SANTA BÁRBARA
52699,NARIÑO,SANTA CRUZ
52720,NARIÑO,SAPUYES
52786,NARIÑO,TAMINANGO
52788,NARIÑO,TANGUA
52835,NARIÑO,TUMACO
52838,NARIÑO,TÚQUERRES
52885,NARIÑO,YACUANQUER
54001,NORTE DE SANTANDER,CÚCUTA
54003,NORTE DE SANTANDER,ÁBREGO
54051,NORTE DE SANTANDER,ARBOLEDAS
54099,NORTE DE SANTANDER,BOCHALEMA
54109,NORTE DE SANTANDER,BUCARASICA
54125,NORTE DE SANTANDER,CÁCOTA
54128,NORTE DE SANTANDER,CÁCHIRA
54172,NORTE DE SANTANDER,CHINÁCOTA
54174,NORTE DE SANTANDER,CHITAGÁ
54206,NORTE DE SANTANDER,CONVENCIÓN
54223,NORTE DE SANTANDER,CUCUTILLA
54239,NORTE DE SANTANDER,DURANIA
54245,NORTE DE SANTANDER,EL CARMEN
54250,NORTE DE SANTANDER,EL TARRA
54261,NORTE DE SANTANDER,EL ZULIA
54313,NORTE DE SANTANDER,GRAMALOTE
54344,NORTE DE SANTANDER,HACARÍ
54347,NORTE DE SANTANDER,HERRÁN
54377,NORTE DE SANTANDER,LABATECA
54385,NORTE DE SANTANDER,LA ESPERANZA
54398,NORTE DE SANTANDER,LA PLAYA
54405,NORTE DE SANTANDER,LOS PATIOS
54418,NORTE DE SANTANDER,LOURDES
54480,NORTE DE SANTANDER,MUTISCUA
54498,NORTE DE SANTANDER,OCAÑA
54518,NORTE DE SANTANDER,PAMPLONA
54520,NORTE DE SANTANDER,PAMPLONITA
54553,NORTE DE SANTANDER,PUERTO SANTANDER
54599,NORTE DE SANTANDER,RAGONVALIA
54660,NORTE DE SANTANDER,SALAZAR
54670,NORTE DE SANTANDER,SAN CALIXTO
54673,NORTE DE SANTANDER,SAN CAYETANO
54680,NORTE DE SANTANDER,SANTIAGO
54720,NORTE DE SANTANDER,SARDINATA
54743,NORTE DE SANTANDER,SILOS
54800,NORTE DE SANTANDER,TEORAMA
54810,NORTE DE SANTANDER,TIBÚ
54820,NORTE DE SANTANDER,TOLEDO
54871,NORTE DE SANTANDER,VILLA CARO
54874,NORTE DE SANTANDER,VILLA DEL ROSARIO
63001,QUINDIO,ARMENIA
63111,QUINDIO,BUENAVISTA
63130,QUINDIO,CALARCÁ
63190,QUINDIO,CIRCASIA
63212,QUINDIO,CÓRDOBA
63272,QUINDIO,FILANDIA
63302,QUINDIO,GÉNOVA
63401,QUINDIO,LA TEBAIDA
63470,QUINDIO,MONTENEGRO
63548,QUINDIO,PIJAO
63594,QUINDIO,QUIMBAYA
63690,QUINDIO,SALENTO
66001,RISARALDA,PEREIRA
66045,RISARALDA,APÍA
66075,RISARALDA,BALBOA
66088,RISARALDA,BELÉN DE UMBRÍA
66170,RISARALDA,DOS QUEBRADAS
66318,RISARALDA,GUÁTICA
66383,RISARALDA,LA CELIA
66400,RISARALDA,LA VIRGINIA
66440,RISARALDA,MARSELLA
66456,RISARALDA,MISTRATÓ
66572,RISARALDA,PUEBLO RICO
66594,RISARALDA,QUINCHÍA
66682,RISARALDA,SANTA ROSA DE CABAL
66687,RISARALDA,SANTUARIO
68001,SANTANDER,BUCARAMANGA
68013,SANTANDER,AGUADA
68020,SANTANDER,ALBANIA
68051,SANTANDER,ARATOCA
68077,SANTANDER,BARBOSA
68079,SANTANDER,BARICHARA
68081,SANTANDER,BARRANCABERMEJA
68092,SANTANDER,BETULIA
68101,SANTANDER,BOLÍVAR
68121,SANTANDER,CABRERA
68132,SANTANDER,CALIFORNIA
68147,SANTANDER,CAPITANEJO
68152,SANTANDER,CARCASÍ
68160,SANTANDER,CEPITÁ
68162,SANTANDER,CERRITO
68167,SANTANDER,CHARALÁ
68169,SANTANDER,CHARTA
68176,SANTANDER,CHIMA
68179,SANTANDER,CHIPATÁ
68190,SANTANDER,CIMITARRA
68207,SANTANDER,CONCEPCIÓN
68209,SANTANDER,CONFINES
68211,SANTANDER,CONTRATACIÓN
68217,SANTANDER,COROMORO
68229,SANTANDER,CURITÍ
68235,SANTANDER,EL CARMEN DE CHUCURÍ
68245,SANTANDER,EL GUACAMAYO
68250,SANTANDER,EL PEÑÓN
68255,SANTANDER,EL PLAYÓN
68264,SANTANDER,ENCINO
68266,SANTANDER,ENCISO
68271,SANTANDER,EL FLORIÁN
68276,SANTANDER,FLORIDABLANCA
68296,SANTANDER,GALÁN
68298,SANTANDER,GÁMBITA
68307,SANTANDER,GIRÓN
68318,SANTANDER,GUACA
68320,SANTANDER,GUADALUPE
68322,SANTANDER,GUAPOTÁ
68324,SANTANDER,GUAVATÁ
68327,SANTANDER,GUEPSA
68344,SANTANDER,HATO
68368,SANTANDER,JESÚS MARÍA
68370,SANTANDER,JORDÁN
68377,SANTANDER,LA BELLEZA
68385,SANTANDER,LANDÁZURI
68397,SANTANDER,LA PAZ
68406,SANTANDER,LEBRIJA
68418,SANTANDER,LOS SANTOS
68425,SANTANDER,MACARAVITA
68432,SANTANDER,MÁLAGA
68444,SANTANDER,MATANZA
68464,SANTANDER,MOGOTES
68468,SANTANDER,MOLAGAVITA
68498,SANTANDER,OCAMONTE
68500,SANTANDER,OIBA
68502,SANTANDER,ONZAGA
68522,SANTANDER,PALMAR
68524,SANTANDER,PALMAS DEL SOCORRO
68533,SANTANDER,PÁRAMO
68547,SANTANDER,PIEDECUESTA
68549,SANTANDER,PINCHOTE
68572,SANTANDER,PUENTE NACIONAL
68573,SANTANDER,PUERTO PARRA
68575,SANTANDER,PUERTO WILCHES
68615,SANTANDER,RIONEGRO
68655,SANTANDER,SABANA DE TORRES
68669,SANTANDER,SAN ANDRÉS
68673,SANTANDER,SAN BENITO
68679,SANTANDER,SAN GIL
68682,SANTANDER,SAN JOAQUÍN
68684,SANTANDER,SAN JOSÉ DE MIRANDA
68686,SANTANDER,SAN MIGUEL
68689,SANTANDER,SAN VICENTE DE CHUCURÍ
68705,SANTANDER,SANTA BÁRBARA
68720,SANTANDER,SANTA HELENA DEL OPÓN
68745,SANTANDER,SIMACOTA
68755,SANTANDER,SOCORRO
68770,SANTANDER,SUAITA
68773,SANTANDER,SUCRE
68780,SANTANDER,SURATÁ
68820,SANTANDER,TONA
68855,SANTANDER,VALLE DE SAN JOSÉ
68861,SANTANDER,VÉLEZ
68867,SANTANDER,VETAS
68872,SANTANDER,VILLANUEVA
68895,SANTANDER,ZAPATOCA
70001,SUCRE,SINCELEJO
70110,SUCRE,BUENAVISTA
70124,SUCRE,CAIMITO
70204,SUCRE,COLOSÓ
70215,SUCRE,COROZAL
70221,SUCRE,COVEÑAS
70230,SUCRE,CHALÁN
70233,SUCRE,EL ROBLE
70235,SUCRE,GALERAS
70265,SUCRE,GUARANDA
70400,SUCRE,LA UNIÓN
70418,SUCRE,LOS PALMITOS
70429,SUCRE,MAJAGUAL
70473,SUCRE,MORROA
70508,SUCRE,OVEJAS
70523,SUCRE,PALMITO
70670,SUCRE,SAMPUÉS
70678,SUCRE,SAN BENITO ABAD
70702,SUCRE,SAN JUAN BETULIA
70708,SUCRE,SAN MARCOS
70713,SUCRE,SAN ONOFRE
70717,SUCRE,SAN PEDRO
70742,SUCRE,SINCÉ
70771,SUCRE,SUCRE
70820,SUCRE,TOLÚ
70823,SUCRE,TOLUVIEJO
73001,TOLIMA,IBAGUÉ
73024,TOLIMA,ALPUJARRA
73026,TOLIMA,ALVARADO
73030,TOLIMA,AMBALEMA
73043,TOLIMA,ANZOÁTEGUI
73055,TOLIMA,ARMERO
73067,TOLIMA,ATACO
73124,TOLIMA,CAJAMARCA
73148,TOLIMA,CARMEN APICALÁ
73152,TOLIMA,CASABIANCA
73168,TOLIMA,CHAPARRAL
73200,TOLIMA,COELLO
73217,TOLIMA,COYAIMA
73226,TOLIMA,CUNDAY
73236,TOLIMA,DOLORES
73268,TOLIMA,ESPINAL
73270,TOLIMA,FALÁN
73275,TOLIMA,FLANDES
73283,TOLIMA,FRESNO
73319,TOLIMA,GUAMO
73347,TOLIMA,HERVEO
73349,TOLIMA,HONDA
73352,TOLIMA,ICONONZO
73408,TOLIMA,LÉRIDA
73411,TOLIMA,LÍBANO
73443,TOLIMA,MARIQUITA
73449,TOLIMA,MELGAR
73461,TOLIMA,MURILLO
73483,TOLIMA,NATAGAIMA
73504,TOLIMA,ORTEGA
73520,TOLIMA,PALO CABILDO
73547,TOLIMA,PIEDRAS
73555,TOLIMA,PLANADAS
73563,TOLIMA,PRADO
73585,TOLIMA,PURIFICACIÓN
73616,TOLIMA,RIOBLANCO
73622,TOLIMA,RONCESVALLES
73624,TOLIMA,ROVIRA
73671,TOLIMA,SALDAÑA
73675,TOLIMA,SAN ANTONIO
73678,TOLIMA,SAN LUIS
73686,TOLIMA,SANTA ISABEL
73770,TOLIMA,SUÁREZ
73854,TOLIMA,VALLE DE SAN JUAN
73861,TOLIMA,VENADILLO
73870,TOLIMA,VILLAHERMOSA
73873,TOLIMA,VILLARRICA
76001,VALLE DEL CAUCA,CALI
76020,VALLE DEL CAUCA,ALCALÁ
76036,VALLE DEL CAUCA,ANDALUCÍA
76041,VALLE DEL CAUCA,ANSERMANUEVO
76054,VALLE DEL CAUCA,ARGELIA
76100,VALLE DEL CAUCA,BOLÍVAR
76109,VALLE DEL CAUCA,BUENAVENTURA
76111,VALLE DEL CAUCA,BUGA
76113,VALLE DEL CAUCA,BUGALAGRANDE
76122,VALLE DEL CAUCA,CAICEDONIA
76126,VALLE DEL CAUCA,CALIMA
76130,VALLE DEL CAUCA,CANDELARIA
76147,VALLE DEL CAUCA,CARTAGO
76233,VALLE DEL CAUCA,DAGUA
76243,VALLE DEL CAUCA,EL ÁGUILA
76246,VALLE DEL CAUCA,EL CAIRO
76248,VALLE DEL CAUCA,EL CERRITO
76250,VALLE DEL CAUCA,EL DOVIO
76275,VALLE DEL CAUCA,FLORIDA
76306,VALLE DEL CAUCA,GINEBRA
76318,VALLE DEL CAUCA,GUACARÍ
76364,VALLE DEL CAUCA,JAMUNDÍ
76377,VALLE DEL CAUCA,LA CUMBRE
76400,VALLE DEL CAUCA,LA UNIÓN
76403,VALLE DEL CAUCA,LA VICTORIA
76497,VALLE DEL CAUCA,OBANDO
76520,VALLE DEL CAUCA,PALMIRA
76563,VALLE DEL CAUCA,PRADERA
76606,VALLE DEL CAUCA,RESTREPO
76616,VALLE DEL CAUCA,RIOFRÍO
76622,VALLE DEL CAUCA,ROLDANILLO
76670,VALLE DEL CAUCA,SAN PEDRO
76736,VALLE DEL CAUCA,SEVILLA
76823,VALLE DEL CAUCA,TORO
76828,VALLE DEL CAUCA,TRUJILLO
76834,VALLE DEL CAUCA,TULUÁ
76845,VALLE DEL CAUCA,ULLOA
76863,VALLE DEL CAUCA,VERSALLES
76869,VALLE DEL CAUCA,VIJES
76890,VALLE DEL CAUCA,YOTOCO
76892,VALLE DEL CAUCA,YUMBO
76895,VALLE DEL CAUCA,ZARZAL
81001,ARAUCA,ARAUCA
81065,ARAUCA,ARAUQUITA
81220,ARAUCA,CRAVO NORTE
81300,ARAUCA,FORTUL
81591,ARAUCA,PUERTO RONDÓN
81736,ARAUCA,SARAVENA
81794,ARAUCA,TAME
85001,CASANARE,YOPAL
85010,CASANARE,AGUAZUL
85015,CASANARE,CHÁMEZA
85125,CASANARE,HATO COROZAL
85136,CASANARE,LA SALINA
85139,CASANARE,MANÍ
85162,CASANARE,MONTERREY
85225,CASANARE,NUNCHÍA
85230,CASANARE,OROCUÉ
85250,CASANARE,PAZ DE ARIPORO
85263,CASANARE,PORE
85279,CASANARE,RECETOR
85300,CASANARE,SABANALARGA
85315,CASANARE,SÁCAMA
85325,CASANARE,SAN LUIS DE PALENQUE
85400,CASANARE,TÁMARA
85410,CASANARE,TAURAMENA
85430,CASANARE,TRINIDAD
85440,CASANARE,VILLANUEVA
86001,PUTUMAYO,MOCOA
86219,PUTUMAYO,COLÓN
86320,PUTUMAYO,ORITO
86568,PUTUMAYO,PUERTO ASÍS
86569,PUTUMAYO,PUERTO CAICEDO
86571,PUTUMAYO,PUERTO GUZMÁN
86573,PUTUMAYO,PUERTO LEGUÍZAMO
86749,PUTUMAYO,SIBUNDOY
86755,PUTUMAYO,SAN FRANCISCO
86757,PUTUMAYO,SAN MIGUEL
86760,PUTUMAYO,SANTIAGO
86865,PUTUMAYO,VALLE DEL GUAMUEZ
86885,PUTUMAYO,VILLAGARZÓN
88001,SAN ANDRÉS,SAN ANDRÉS
88564,SAN ANDRÉS,PROVIDENCIA
91001,AMAZONAS,LETICIA
91263,AMAZONAS,EL ENCANTO
91405,AMAZONAS,LA CHORRERA
91407,AMAZONAS,LA PEDRERA
91430,AMAZONAS,LA VICTORIA
91460,AMAZONAS,MIRITÍ-PARANÁ
91530,AMAZONAS,PUERTO ALEGRÍA
91536,AMAZONAS,PUERTO ARICA
91540,AMAZONAS,PUERTO NARIÑO
91669,AMAZONAS,PUERTO SANTANDER
91798,AMAZONAS,TARAPACÁ
94001,GUANÍA,INÍRIDA
94343,GUANÍA,BARRANCO MINAS
94663,GUANÍA,MAPIRIPANA
94883,GUANÍA,SAN FELIPE
94884,GUANÍA,PUERTO COLOMBIA
94885,GUANÍA,LA GUADALUPE
94886,GUANÍA,CACAHUAL
94887,GUANÍA,PANA PANA
94888,GUANÍA,MORICHAL NUEVO
95001,GUAVIARE,SAN JOSÉ DEL GUAVIARE
95015,GUAVIARE,CALAMAR
95025,GUAVIARE,EL RETORNO
95200,GUAVIARE,MIRAFLORES
97001,VAUPÉS,MITÚ
97161,VAUPÉS,CARURU
97511,VAUPÉS,PACOA
97666,VAUPÉS,TARAIRA
97777,VAUPÉS,PAPUNAHUA
97889,VAUPÉS,YAVARATÉ
99001,VICHADA,PUERTO CARREÑO
99524,VICHADA,LA PRIMAVERA
99624,VICHADA,SANTA ROSALÍA
99773,VICHADA,CUMARIBO
