DPNOM,DPMP,MPIO,AÑO,ÁREA GEOGRÁFICA,Total
Antioquia,05001,Medellín,2018,Total,2.427.129
Antioquia,05002,Abejorral,2018,Total,20.367
Antioquia,05004,Abriaquí,2018,Total,2.695
Antioquia,05021,Alejandría,2018,Total,4.657
Antioquia,05030,Amagá,2018,Total,30.227
Antioquia,05031,Amalfi,2018,Total,25.962
Antioquia,05034,Andes,2018,Total,43.269
Antioquia,05036,Angelópolis,2018,Total,5.756
Antioquia,05038,Angostura,2018,Total,11.437
Antioquia,05040,Anorí,2018,Total,18.321
Antioquia,05042,Santafé de Antioquia,2018,Total,26.164
Antioquia,05044,Anzá,2018,Total,7.010
Antioquia,05045,Apartadó,2018,Total,121.003
Antioquia,05051,Arboletes,2018,Total,29.295
Antioquia,05055,Argelia,2018,Total,7.689
Antioquia,05059,Armenia,2018,Total,5.139
Antioquia,05079,Barbosa,2018,Total,51.969
Antioquia,05086,Belmira,2018,Total,6.000
Antioquia,05088,Bello,2018,Total,522.264
Antioquia,05091,Betania,2018,Total,10.323
Antioquia,05093,Betulia,2018,Total,15.607
Antioquia,05101,Ciudad Bolívar,2018,Total,26.118
Antioquia,05107,Briceño,2018,Total,8.039
Antioquia,05113,Buriticá,2018,Total,9.354
Antioquia,05120,Cáceres,2018,Total,28.996
Antioquia,05125,Caicedo,2018,Total,8.297
Antioquia,05129,Caldas,2018,Total,79.638
Antioquia,05134,Campamento,2018,Total,9.203
Antioquia,05138,Cañasgordas,2018,Total,15.523
Antioquia,05142,Caracolí,2018,Total,4.582
Antioquia,05145,Caramanta,2018,Total,4.743
Antioquia,05147,Carepa,2018,Total,47.932
Antioquia,05148,El Carmen de Viboral,2018,Total,59.416
Antioquia,05150,Carolina,2018,Total,3.954
Antioquia,05154,Caucasia,2018,Total,90.213
Antioquia,05172,Chigorodó,2018,Total,57.375
Antioquia,05190,Cisneros,2018,Total,9.775
Antioquia,05197,Cocorná,2018,Total,15.444
Antioquia,05206,Concepción,2018,Total,4.797
Antioquia,05209,Concordia,2018,Total,21.377
Antioquia,05212,Copacabana,2018,Total,77.884
Antioquia,05234,Dabeiba,2018,Total,23.044
Antioquia,05237,Donmatías,2018,Total,18.902
Antioquia,05240,Ebéjico,2018,Total,12.158
Antioquia,05250,El Bagre,2018,Total,51.862
Antioquia,05264,Entrerríos,2018,Total,11.159
Antioquia,05266,Envigado,2018,Total,228.848
Antioquia,05282,Fredonia,2018,Total,24.408
Antioquia,05284,Frontino,2018,Total,20.739
Antioquia,05306,Giraldo,2018,Total,5.544
Antioquia,05308,Girardota,2018,Total,51.662
Antioquia,05310,Gómez Plata,2018,Total,9.753
Antioquia,05313,Granada,2018,Total,10.117
Antioquia,05315,Guadalupe,2018,Total,6.560
Antioquia,05318,Guarne,2018,Total,55.121
Antioquia,05321,Guatapé,2018,Total,8.363
Antioquia,05347,Heliconia,2018,Total,5.451
Antioquia,05353,Hispania,2018,Total,5.469
Antioquia,05360,Itagüí,2018,Total,276.744
Antioquia,05361,Ituango,2018,Total,27.074
Antioquia,05364,Jardín,2018,Total,14.518
Antioquia,05368,Jericó,2018,Total,13.640
Antioquia,05376,La Ceja,2018,Total,64.889
Antioquia,05380,La Estrella,2018,Total,71.545
Antioquia,05390,La Pintada,2018,Total,8.114
Antioquia,05400,La Unión,2018,Total,21.475
Antioquia,05411,Liborina,2018,Total,10.028
Antioquia,05425,Maceo,2018,Total,8.221
Antioquia,05440,Marinilla,2018,Total,64.645
Antioquia,05467,Montebello,2018,Total,6.680
Antioquia,05475,Murindó,2018,Total,4.911
Antioquia,05480,Mutatá,2018,Total,13.991
Antioquia,05483,Nariño,2018,Total,10.153
Antioquia,05490,Necoclí,2018,Total,42.281
Antioquia,05495,Nechí,2018,Total,25.790
Antioquia,05501,Olaya,2018,Total,3.127
Antioquia,05541,Peñol,2018,Total,21.049
Antioquia,05543,Peque,2018,Total,8.097
Antioquia,05576,Pueblorrico,2018,Total,8.664
Antioquia,05579,Puerto Berrío,2018,Total,39.314
Antioquia,05585,Puerto Nare,2018,Total,14.380
Antioquia,05591,Puerto Triunfo,2018,Total,18.055
Antioquia,05604,Remedios,2018,Total,28.415
Antioquia,05607,Retiro,2018,Total,23.514
Antioquia,05615,Rionegro,2018,Total,135.465
Antioquia,05628,Sabanalarga,2018,Total,9.032
Antioquia,05631,Sabaneta,2018,Total,82.375
Antioquia,05642,Salgar,2018,Total,18.258
Antioquia,05647,San Andrés de Cuerquía,2018,Total,7.235
Antioquia,05649,San Carlos,2018,Total,16.247
Antioquia,05652,San Francisco,2018,Total,5.648
Antioquia,05656,San Jerónimo,2018,Total,15.361
Antioquia,05658,San José de La Montaña,2018,Total,3.646
Antioquia,05659,San Juan de Urabá,2018,Total,20.093
Antioquia,05660,San Luis,2018,Total,12.995
Antioquia,05664,San Pedro de Los Milagros,2018,Total,21.949
Antioquia,05665,San Pedro de Urabá,2018,Total,30.932
Antioquia,05667,San Rafael,2018,Total,15.698
Antioquia,05670,San Roque,2018,Total,21.519
Antioquia,05674,San Vicente,2018,Total,22.093
Antioquia,05679,Santa Bárbara,2018,Total,26.784
Antioquia,05686,Santa Rosa de Osos,2018,Total,36.318
Antioquia,05690,Santo Domingo,2018,Total,12.394
Antioquia,05697,El Santuario,2018,Total,35.422
Antioquia,05736,Segovia,2018,Total,37.900
Antioquia,05756,Sonsón,2018,Total,36.321
Antioquia,05761,Sopetrán,2018,Total,15.053
Antioquia,05789,Támesis,2018,Total,16.281
Antioquia,05790,Tarazá,2018,Total,26.964
Antioquia,05792,Tarso,2018,Total,6.184
Antioquia,05809,Titiribí,2018,Total,10.775
Antioquia,05819,Toledo,2018,Total,4.993
Antioquia,05837,Turbo,2018,Total,124.552
Antioquia,05842,Uramita,2018,Total,6.888
Antioquia,05847,Urrao,2018,Total,30.127
Antioquia,05854,Valdivia,2018,Total,13.801
Antioquia,05856,Valparaíso,2018,Total,6.498
Antioquia,05858,Vegachí,2018,Total,11.810
Antioquia,05861,Venecia,2018,Total,11.602
Antioquia,05873,Vigía del Fuerte,2018,Total,9.093
Antioquia,05885,Yalí,2018,Total,7.608
Antioquia,05887,Yarumal,2018,Total,41.542
Antioquia,05890,Yolombó,2018,Total,22.538
Antioquia,05893,Yondó,2018,Total,19.040
Antioquia,05895,Zaragoza,2018,Total,24.651
Atlántico,08001,Barranquilla,2018,Total,1.206.319
Atlántico,08078,Baranoa,2018,Total,62.382
Atlántico,08137,Campo de La Cruz,2018,Total,22.879
Atlántico,08141,Candelaria,2018,Total,15.982
Atlántico,08296,Galapa,2018,Total,60.708
Atlántico,08372,Juan de Acosta,2018,Total,20.999
Atlántico,08421,Luruaco,2018,Total,28.175
Atlántico,08433,Malambo,2018,Total,128.203
Atlántico,08436,Manatí,2018,Total,19.808
Atlántico,08520,Palmar de Varela,2018,Total,28.932
Atlántico,08549,Piojó,2018,Total,6.608
Atlántico,08558,Polonuevo,2018,Total,18.197
Atlántico,08560,Ponedera,2018,Total,23.848
Atlántico,08573,Puerto Colombia,2018,Total,49.264
Atlántico,08606,Repelón,2018,Total,26.200
Atlántico,08634,Sabanagrande,2018,Total,32.334
Atlántico,08638,Sabanalarga,2018,Total,93.261
Atlántico,08675,Santa Lucía,2018,Total,16.023
Atlántico,08685,Santo Tomás,2018,Total,29.829
Atlántico,08758,Soledad,2018,Total,603.999
Atlántico,08770,Suan,2018,Total,11.940
Atlántico,08832,Tubará,2018,Total,17.377
Atlántico,08849,Usiacurí,2018,Total,12.250
Bogotá D.C.,11001,Bogotá D.C.,2018,Total,7.412.566
Bolívar,13001,Cartagena de Indias,2018,Total,973.045
Bolívar,13006,Achí,2018,Total,24.352
Bolívar,13030,Altos del Rosario,2018,Total,10.972
Bolívar,13042,Arenal,2018,Total,7.365
Bolívar,13052,Arjona,2018,Total,69.503
Bolívar,13062,Arroyohondo,2018,Total,8.254
Bolívar,13074,Barranco de Loba,2018,Total,14.836
Bolívar,13140,Calamar,2018,Total,22.474
Bolívar,13160,Cantagallo,2018,Total,8.234
Bolívar,13188,Cicuco,2018,Total,13.442
Bolívar,13212,Córdoba,2018,Total,15.960
Bolívar,13222,Clemencia,2018,Total,14.511
Bolívar,13244,El Carmen de Bolívar,2018,Total,70.131
Bolívar,13248,El Guamo,2018,Total,8.647
Bolívar,13268,El Peñón,2018,Total,7.651
Bolívar,13300,Hatillo de Loba,2018,Total,12.317
Bolívar,13430,Magangué,2018,Total,133.270
Bolívar,13433,Mahates,2018,Total,27.692
Bolívar,13440,Margarita,2018,Total,10.673
Bolívar,13442,María La Baja,2018,Total,46.112
Bolívar,13458,Montecristo,2018,Total,16.389
Bolívar,13468,Mompós,2018,Total,44.442
Bolívar,13473,Morales,2018,Total,22.259
Bolívar,13490,Norosí,2018,Total,9.212
Bolívar,13549,Pinillos,2018,Total,24.218
Bolívar,13580,Regidor,2018,Total,6.723
Bolívar,13600,Río Viejo,2018,Total,10.598
Bolívar,13620,San Cristóbal,2018,Total,8.054
Bolívar,13647,San Estanislao,2018,Total,18.251
Bolívar,13650,San Fernando,2018,Total,12.536
Bolívar,13654,San Jacinto,2018,Total,23.913
Bolívar,13655,San Jacinto del Cauca,2018,Total,9.935
Bolívar,13657,San Juan Nepomuceno,2018,Total,36.874
Bolívar,13667,San Martín de Loba,2018,Total,14.774
Bolívar,13670,San Pablo,2018,Total,27.190
Bolívar,13673,Santa Catalina,2018,Total,14.563
Bolívar,13683,Santa Rosa,2018,Total,20.963
Bolívar,13688,Santa Rosa del Sur,2018,Total,32.646
Bolívar,13744,Simití,2018,Total,18.110
Bolívar,13760,Soplaviento,2018,Total,10.650
Bolívar,13780,Talaigua Nuevo,2018,Total,13.108
Bolívar,13810,Tiquisio,2018,Total,18.035
Bolívar,13836,Turbaco,2018,Total,105.166
Bolívar,13838,Turbaná,2018,Total,16.403
Bolívar,13873,Villanueva,2018,Total,23.777
Bolívar,13894,Zambrano,2018,Total,11.880
Boyacá,15001,Tunja,2018,Total,172.548
Boyacá,15022,Almeida,2018,Total,1.910
Boyacá,15047,Aquitania,2018,Total,15.377
Boyacá,15051,Arcabuco,2018,Total,5.831
Boyacá,15087,Belén,2018,Total,7.481
Boyacá,15090,Berbeo,2018,Total,1.596
Boyacá,15092,Betéitiva,2018,Total,1.963
Boyacá,15097,Boavita,2018,Total,5.059
Boyacá,15104,Boyacá,2018,Total,5.089
Boyacá,15106,Briceño,2018,Total,2.198
Boyacá,15109,Buenavista,2018,Total,4.409
Boyacá,15114,Busbanzá,2018,Total,1.118
Boyacá,15131,Caldas,2018,Total,3.143
Boyacá,15135,Campohermoso,2018,Total,3.121
Boyacá,15162,Cerinza,2018,Total,3.713
Boyacá,15172,Chinavita,2018,Total,3.209
Boyacá,15176,Chiquinquirá,2018,Total,56.054
Boyacá,15180,Chiscas,2018,Total,3.994
Boyacá,15183,Chita,2018,Total,8.045
Boyacá,15185,Chitaraque,2018,Total,5.830
Boyacá,15187,Chivatá,2018,Total,2.788
Boyacá,15189,Ciénega,2018,Total,4.635
Boyacá,15204,Cómbita,2018,Total,12.970
Boyacá,15212,Coper,2018,Total,3.619
Boyacá,15215,Corrales,2018,Total,2.498
Boyacá,15218,Covarachía,2018,Total,2.806
Boyacá,15223,Cubará,2018,Total,10.319
Boyacá,15224,Cucaita,2018,Total,3.725
Boyacá,15226,Cuítiva,2018,Total,1.798
Boyacá,15232,Chíquiza,2018,Total,4.684
Boyacá,15236,Chivor,2018,Total,2.479
Boyacá,15238,Duitama,2018,Total,122.436
Boyacá,15244,El Cocuy,2018,Total,4.215
Boyacá,15248,El Espino,2018,Total,3.061
Boyacá,15272,Firavitoba,2018,Total,6.662
Boyacá,15276,Floresta,2018,Total,3.266
Boyacá,15293,Gachantivá,2018,Total,2.789
Boyacá,15296,Gámeza,2018,Total,4.850
Boyacá,15299,Garagoa,2018,Total,17.932
Boyacá,15317,Guacamayas,2018,Total,1.865
Boyacá,15322,Guateque,2018,Total,10.699
Boyacá,15325,Guayatá,2018,Total,3.400
Boyacá,15332,Güicán de La Sierra,2018,Total,4.279
Boyacá,15362,Iza,2018,Total,1.947
Boyacá,15367,Jenesano,2018,Total,7.200
Boyacá,15368,Jericó,2018,Total,3.929
Boyacá,15377,Labranzagrande,2018,Total,3.526
Boyacá,15380,La Capilla,2018,Total,2.689
Boyacá,15401,La Victoria,2018,Total,1.118
Boyacá,15403,La Uvita,2018,Total,2.999
Boyacá,15407,Villa de Leyva,2018,Total,16.139
Boyacá,15425,Macanal,2018,Total,4.976
Boyacá,15442,Maripí,2018,Total,5.741
Boyacá,15455,Miraflores,2018,Total,8.847
Boyacá,15464,Mongua,2018,Total,4.636
Boyacá,15466,Monguí,2018,Total,4.234
Boyacá,15469,Moniquirá,2018,Total,22.572
Boyacá,15476,Motavita,2018,Total,5.569
Boyacá,15480,Muzo,2018,Total,8.597
Boyacá,15491,Nobsa,2018,Total,15.976
Boyacá,15494,Nuevo Colón,2018,Total,5.121
Boyacá,15500,Oicatá,2018,Total,2.821
Boyacá,15507,Otanche,2018,Total,8.018
Boyacá,15511,Pachavita,2018,Total,2.467
Boyacá,15514,Páez,2018,Total,3.283
Boyacá,15516,Paipa,2018,Total,33.535
Boyacá,15518,Pajarito,2018,Total,2.390
Boyacá,15522,Panqueba,2018,Total,1.717
Boyacá,15531,Pauna,2018,Total,7.185
Boyacá,15533,Paya,2018,Total,2.593
Boyacá,15537,Paz de Río,2018,Total,4.285
Boyacá,15542,Pesca,2018,Total,6.852
Boyacá,15550,Pisba,2018,Total,1.763
Boyacá,15572,Puerto Boyacá,2018,Total,46.736
Boyacá,15580,Quípama,2018,Total,4.889
Boyacá,15599,Ramiriquí,2018,Total,9.887
Boyacá,15600,Ráquira,2018,Total,7.877
Boyacá,15621,Rondón,2018,Total,2.407
Boyacá,15632,Saboyá,2018,Total,13.588
Boyacá,15638,Sáchica,2018,Total,5.452
Boyacá,15646,Samacá,2018,Total,18.298
Boyacá,15660,San Eduardo,2018,Total,1.701
Boyacá,15664,San José de Pare,2018,Total,4.988
Boyacá,15667,San Luis de Gaceno,2018,Total,5.499
Boyacá,15673,San Mateo,2018,Total,3.332
Boyacá,15676,San Miguel de Sema,2018,Total,3.009
Boyacá,15681,San Pablo de Borbur,2018,Total,6.608
Boyacá,15686,Santana,2018,Total,7.565
Boyacá,15690,Santa María,2018,Total,3.559
Boyacá,15693,Santa Rosa de Viterbo,2018,Total,13.066
Boyacá,15696,Santa Sofía,2018,Total,3.179
Boyacá,15720,Sativanorte,2018,Total,2.221
Boyacá,15723,Sativasur,2018,Total,1.097
Boyacá,15740,Siachoque,2018,Total,6.729
Boyacá,15753,Soatá,2018,Total,9.066
Boyacá,15755,Socotá,2018,Total,7.298
Boyacá,15757,Socha,2018,Total,7.938
Boyacá,15759,Sogamoso,2018,Total,127.235
Boyacá,15761,Somondoco,2018,Total,2.910
Boyacá,15762,Sora,2018,Total,3.019
Boyacá,15763,Sotaquirá,2018,Total,8.162
Boyacá,15764,Soracá,2018,Total,5.954
Boyacá,15774,Susacón,2018,Total,2.717
Boyacá,15776,Sutamarchán,2018,Total,6.092
Boyacá,15778,Sutatenza,2018,Total,4.233
Boyacá,15790,Tasco,2018,Total,5.882
Boyacá,15798,Tenza,2018,Total,3.851
Boyacá,15804,Tibaná,2018,Total,9.051
Boyacá,15806,Tibasosa,2018,Total,12.940
Boyacá,15808,Tinjacá,2018,Total,3.266
Boyacá,15810,Tipacoque,2018,Total,3.323
Boyacá,15814,Toca,2018,Total,8.767
Boyacá,15816,Togüí,2018,Total,4.335
Boyacá,15820,Tópaga,2018,Total,3.617
Boyacá,15822,Tota,2018,Total,5.179
Boyacá,15832,Tununguá,2018,Total,1.540
Boyacá,15835,Turmequé,2018,Total,6.118
Boyacá,15837,Tuta,2018,Total,8.266
Boyacá,15839,Tutazá,2018,Total,2.040
Boyacá,15842,Úmbita,2018,Total,7.530
Boyacá,15861,Ventaquemada,2018,Total,15.706
Boyacá,15879,Viracachá,2018,Total,2.837
Boyacá,15897,Zetaquira,2018,Total,4.629
Caldas,17001,Manizales,2018,Total,434.403
Caldas,17013,Aguadas,2018,Total,22.823
Caldas,17042,Anserma,2018,Total,36.149
Caldas,17050,Aranzazu,2018,Total,10.557
Caldas,17088,Belalcázar,2018,Total,10.660
Caldas,17174,Chinchiná,2018,Total,51.271
Caldas,17272,Filadelfia,2018,Total,11.451
Caldas,17380,La Dorada,2018,Total,71.905
Caldas,17388,La Merced,2018,Total,6.003
Caldas,17433,Manzanares,2018,Total,17.928
Caldas,17442,Marmato,2018,Total,8.888
Caldas,17444,Marquetalia,2018,Total,13.245
Caldas,17446,Marulanda,2018,Total,2.607
Caldas,17486,Neira,2018,Total,21.024
Caldas,17495,Norcasia,2018,Total,6.022
Caldas,17513,Pácora,2018,Total,15.325
Caldas,17524,Palestina,2018,Total,15.555
Caldas,17541,Pensilvania,2018,Total,19.908
Caldas,17614,Riosucio,2018,Total,50.775
Caldas,17616,Risaralda,2018,Total,10.815
Caldas,17653,Salamina,2018,Total,19.467
Caldas,17662,Samaná,2018,Total,20.454
Caldas,17665,San José,2018,Total,4.835
Caldas,17777,Supía,2018,Total,28.642
Caldas,17867,Victoria,2018,Total,10.157
Caldas,17873,Villamaría,2018,Total,64.652
Caldas,17877,Viterbo,2018,Total,12.734
Caquetá,18001,Florencia,2018,Total,168.346
Caquetá,18029,Albania,2018,Total,4.675
Caquetá,18094,Belén de Los Andaquíes,2018,Total,11.021
Caquetá,18150,Cartagena del Chairá,2018,Total,30.399
Caquetá,18205,Curillo,2018,Total,7.593
Caquetá,18247,El Doncello,2018,Total,19.294
Caquetá,18256,El Paujíl,2018,Total,18.036
Caquetá,18410,La Montañita,2018,Total,14.714
Caquetá,18460,Milán,2018,Total,9.723
Caquetá,18479,Morelia,2018,Total,3.698
Caquetá,18592,Puerto Rico,2018,Total,26.517
Caquetá,18610,San José del Fragua,2018,Total,12.797
Caquetá,18753,San Vicente del Caguán,2018,Total,50.719
Caquetá,18756,Solano,2018,Total,11.214
Caquetá,18785,Solita,2018,Total,6.216
Caquetá,18860,Valparaíso,2018,Total,6.887
Cauca,19001,Popayán,2018,Total,318.059
Cauca,19022,Almaguer,2018,Total,18.449
Cauca,19050,Argelia,2018,Total,26.144
Cauca,19075,Balboa,2018,Total,21.108
Cauca,19100,Bolívar,2018,Total,38.048
Cauca,19110,Buenos Aires,2018,Total,31.436
Cauca,19130,Cajibío,2018,Total,42.014
Cauca,19137,Caldono,2018,Total,39.946
Cauca,19142,Caloto,2018,Total,30.181
Cauca,19212,Corinto,2018,Total,25.286
Cauca,19256,El Tambo,2018,Total,53.891
Cauca,19290,Florencia,2018,Total,5.202
Cauca,19300,Guachené,2018,Total,19.671
Cauca,19318,Guapi,2018,Total,27.616
Cauca,19355,Inzá,2018,Total,28.879
Cauca,19364,Jambaló,2018,Total,17.841
Cauca,19392,La Sierra,2018,Total,10.749
Cauca,19397,La Vega,2018,Total,24.501
Cauca,19418,López de Micay,2018,Total,18.580
Cauca,19450,Mercaderes,2018,Total,22.688
Cauca,19455,Miranda,2018,Total,31.360
Cauca,19473,Morales,2018,Total,38.838
Cauca,19513,Padilla,2018,Total,9.937
Cauca,19517,Páez,2018,Total,45.776
Cauca,19532,Patía,2018,Total,36.848
Cauca,19533,Piamonte,2018,Total,8.811
Cauca,19548,Piendamó - Tunía,2018,Total,40.818
Cauca,19573,Puerto Tejada,2018,Total,41.615
Cauca,19585,Puracé,2018,Total,17.272
Cauca,19622,Rosas,2018,Total,11.475
Cauca,19693,San Sebastián,2018,Total,10.948
Cauca,19698,Santander de Quilichao,2018,Total,110.445
Cauca,19701,Santa Rosa,2018,Total,5.339
Cauca,19743,Silvia,2018,Total,37.337
Cauca,19760,Sotará Paispamba,2018,Total,13.939
Cauca,19780,Suárez,2018,Total,31.904
Cauca,19785,Sucre,2018,Total,9.489
Cauca,19807,Timbío,2018,Total,35.479
Cauca,19809,Timbiquí,2018,Total,26.100
Cauca,19821,Toribío,2018,Total,35.218
Cauca,19824,Totoró,2018,Total,24.558
Cauca,19845,Villa Rica,2018,Total,20.693
Cesar,20001,Valledupar,2018,Total,490.075
Cesar,20011,Aguachica,2018,Total,109.621
Cesar,20013,Agustín Codazzi,2018,Total,60.768
Cesar,20032,Astrea,2018,Total,20.120
Cesar,20045,Becerril,2018,Total,21.611
Cesar,20060,Bosconia,2018,Total,40.022
Cesar,20175,Chimichagua,2018,Total,34.169
Cesar,20178,Chiriguaná,2018,Total,27.694
Cesar,20228,Curumaní,2018,Total,37.399
Cesar,20238,El Copey,2018,Total,30.159
Cesar,20250,El Paso,2018,Total,37.531
Cesar,20295,Gamarra,2018,Total,14.973
Cesar,20310,González,2018,Total,4.379
Cesar,20383,La Gloria,2018,Total,17.150
Cesar,20400,La Jagua de Ibirico,2018,Total,46.722
Cesar,20443,Manaure Balcón del Cesar,2018,Total,10.047
Cesar,20517,Pailitas,2018,Total,18.566
Cesar,20550,Pelaya,2018,Total,20.683
Cesar,20570,Pueblo Bello,2018,Total,27.007
Cesar,20614,Río de Oro,2018,Total,16.837
Cesar,20621,La Paz,2018,Total,27.759
Cesar,20710,San Alberto,2018,Total,26.247
Cesar,20750,San Diego,2018,Total,19.022
Cesar,20770,San Martín,2018,Total,26.674
Cesar,20787,Tamalameque,2018,Total,15.339
Córdoba,23001,Montería,2018,Total,490.935
Córdoba,23068,Ayapel,2018,Total,46.968
Córdoba,23079,Buenavista,2018,Total,21.078
Córdoba,23090,Canalete,2018,Total,15.353
Córdoba,23162,Cereté,2018,Total,105.815
Córdoba,23168,Chimá,2018,Total,17.529
Córdoba,23182,Chinú,2018,Total,47.917
Córdoba,23189,Ciénaga de Oro,2018,Total,59.086
Córdoba,23300,Cotorra,2018,Total,19.041
Córdoba,23350,La Apartada,2018,Total,14.866
Córdoba,23417,Lorica,2018,Total,113.909
Córdoba,23419,Los Córdobas,2018,Total,18.717
Córdoba,23464,Momil,2018,Total,19.590
Córdoba,23466,Montelíbano,2018,Total,81.641
Córdoba,23500,Moñitos,2018,Total,29.833
Córdoba,23555,Planeta Rica,2018,Total,64.205
Córdoba,23570,Pueblo Nuevo,2018,Total,35.655
Córdoba,23574,Puerto Escondido,2018,Total,23.649
Córdoba,23580,Puerto Libertador,2018,Total,41.873
Córdoba,23586,Purísima de La Concepción,2018,Total,17.206
Córdoba,23660,Sahagún,2018,Total,107.636
Córdoba,23670,San Andrés Sotavento,2018,Total,48.610
Córdoba,23672,San Antero,2018,Total,33.878
Córdoba,23675,San Bernardo del Viento,2018,Total,37.007
Córdoba,23678,San Carlos,2018,Total,26.954
Córdoba,23682,San José de Uré,2018,Total,13.345
Córdoba,23686,San Pelayo,2018,Total,51.838
Córdoba,23807,Tierralta,2018,Total,92.349
Córdoba,23815,Tuchín,2018,Total,52.606
Córdoba,23855,Valencia,2018,Total,35.694
Cundinamarca,25001,Agua de Dios,2018,Total,11.685
Cundinamarca,25019,Albán,2018,Total,6.438
Cundinamarca,25035,Anapoima,2018,Total,14.519
Cundinamarca,25040,Anolaima,2018,Total,13.816
Cundinamarca,25053,Arbeláez,2018,Total,10.860
Cundinamarca,25086,Beltrán,2018,Total,1.789
Cundinamarca,25095,Bituima,2018,Total,2.467
Cundinamarca,25099,Bojacá,2018,Total,9.913
Cundinamarca,25120,Cabrera,2018,Total,4.722
Cundinamarca,25123,Cachipay,2018,Total,9.972
Cundinamarca,25126,Cajicá,2018,Total,82.244
Cundinamarca,25148,Caparrapí,2018,Total,12.569
Cundinamarca,25151,Cáqueza,2018,Total,17.099
Cundinamarca,25154,Carmen de Carupa,2018,Total,7.580
Cundinamarca,25168,Chaguaní,2018,Total,4.182
Cundinamarca,25175,Chía,2018,Total,132.181
Cundinamarca,25178,Chipaque,2018,Total,9.467
Cundinamarca,25181,Choachí,2018,Total,10.961
Cundinamarca,25183,Chocontá,2018,Total,20.568
Cundinamarca,25200,Cogua,2018,Total,22.067
Cundinamarca,25214,Cota,2018,Total,32.691
Cundinamarca,25224,Cucunubá,2018,Total,7.626
Cundinamarca,25245,El Colegio,2018,Total,23.886
Cundinamarca,25258,El Peñón,2018,Total,4.681
Cundinamarca,25260,El Rosal,2018,Total,22.065
Cundinamarca,25269,Facatativá,2018,Total,139.441
Cundinamarca,25279,Fómeque,2018,Total,11.986
Cundinamarca,25281,Fosca,2018,Total,5.784
Cundinamarca,25286,Funza,2018,Total,93.154
Cundinamarca,25288,Fúquene,2018,Total,4.904
Cundinamarca,25290,Fusagasugá,2018,Total,138.498
Cundinamarca,25293,Gachalá,2018,Total,4.436
Cundinamarca,25295,Gachancipá,2018,Total,17.026
Cundinamarca,25297,Gachetá,2018,Total,8.425
Cundinamarca,25299,Gama,2018,Total,3.120
Cundinamarca,25307,Girardot,2018,Total,101.018
Cundinamarca,25312,Granada,2018,Total,7.179
Cundinamarca,25317,Guachetá,2018,Total,13.285
Cundinamarca,25320,Guaduas,2018,Total,30.524
Cundinamarca,25322,Guasca,2018,Total,15.348
Cundinamarca,25324,Guataquí,2018,Total,2.848
Cundinamarca,25326,Guatavita,2018,Total,6.325
Cundinamarca,25328,Guayabal de Síquima,2018,Total,4.444
Cundinamarca,25335,Guayabetal,2018,Total,6.232
Cundinamarca,25339,Gutiérrez,2018,Total,3.410
Cundinamarca,25368,Jerusalén,2018,Total,2.281
Cundinamarca,25372,Junín,2018,Total,5.823
Cundinamarca,25377,La Calera,2018,Total,29.868
Cundinamarca,25386,La Mesa,2018,Total,32.694
Cundinamarca,25394,La Palma,2018,Total,9.467
Cundinamarca,25398,La Peña,2018,Total,5.911
Cundinamarca,25402,La Vega,2018,Total,16.986
Cundinamarca,25407,Lenguazaque,2018,Total,10.080
Cundinamarca,25426,Machetá,2018,Total,6.124
Cundinamarca,25430,Madrid,2018,Total,112.254
Cundinamarca,25436,Manta,2018,Total,3.737
Cundinamarca,25438,Medina,2018,Total,8.014
Cundinamarca,25473,Mosquera,2018,Total,130.221
Cundinamarca,25483,Nariño,2018,Total,2.333
Cundinamarca,25486,Nemocón,2018,Total,13.171
Cundinamarca,25488,Nilo,2018,Total,10.819
Cundinamarca,25489,Nimaima,2018,Total,3.589
Cundinamarca,25491,Nocaima,2018,Total,6.092
Cundinamarca,25506,Venecia,2018,Total,4.218
Cundinamarca,25513,Pacho,2018,Total,24.413
Cundinamarca,25518,Paime,2018,Total,4.186
Cundinamarca,25524,Pandi,2018,Total,4.973
Cundinamarca,25530,Paratebueno,2018,Total,8.328
Cundinamarca,25535,Pasca,2018,Total,9.105
Cundinamarca,25572,Puerto Salgar,2018,Total,15.453
Cundinamarca,25580,Pulí,2018,Total,3.327
Cundinamarca,25592,Quebradanegra,2018,Total,4.724
Cundinamarca,25594,Quetame,2018,Total,5.072
Cundinamarca,25596,Quipile,2018,Total,6.291
Cundinamarca,25599,Apulo,2018,Total,8.192
Cundinamarca,25612,Ricaurte,2018,Total,12.881
Cundinamarca,25645,San Antonio del Tequendama,2018,Total,11.870
Cundinamarca,25649,San Bernardo,2018,Total,8.487
Cundinamarca,25653,San Cayetano,2018,Total,4.846
Cundinamarca,25658,San Francisco,2018,Total,10.755
Cundinamarca,25662,San Juan de Rioseco,2018,Total,8.181
Cundinamarca,25718,Sasaima,2018,Total,10.711
Cundinamarca,25736,Sesquilé,2018,Total,11.423
Cundinamarca,25740,Sibaté,2018,Total,33.491
Cundinamarca,25743,Silvania,2018,Total,21.625
Cundinamarca,25745,Simijaca,2018,Total,12.847
Cundinamarca,25754,Soacha,2018,Total,660.179
Cundinamarca,25758,Sopó,2018,Total,25.782
Cundinamarca,25769,Subachoque,2018,Total,15.690
Cundinamarca,25772,Suesca,2018,Total,17.021
Cundinamarca,25777,Supatá,2018,Total,5.203
Cundinamarca,25779,Susa,2018,Total,6.454
Cundinamarca,25781,Sutatausa,2018,Total,5.887
Cundinamarca,25785,Tabio,2018,Total,21.665
Cundinamarca,25793,Tausa,2018,Total,8.067
Cundinamarca,25797,Tena,2018,Total,9.567
Cundinamarca,25799,Tenjo,2018,Total,21.935
Cundinamarca,25805,Tibacuy,2018,Total,4.335
Cundinamarca,25807,Tibirita,2018,Total,3.158
Cundinamarca,25815,Tocaima,2018,Total,15.735
Cundinamarca,25817,Tocancipá,2018,Total,39.996
Cundinamarca,25823,Topaipí,2018,Total,4.139
Cundinamarca,25839,Ubalá,2018,Total,7.717
Cundinamarca,25841,Ubaque,2018,Total,6.727
Cundinamarca,25843,Villa de San Diego de Ubaté,2018,Total,42.558
Cundinamarca,25845,Une,2018,Total,6.945
Cundinamarca,25851,Útica,2018,Total,4.246
Cundinamarca,25862,Vergara,2018,Total,6.847
Cundinamarca,25867,Vianí,2018,Total,4.339
Cundinamarca,25871,Villagómez,2018,Total,1.758
Cundinamarca,25873,Villapinzón,2018,Total,17.187
Cundinamarca,25875,Villeta,2018,Total,26.873
Cundinamarca,25878,Viotá,2018,Total,13.234
Cundinamarca,25885,Yacopí,2018,Total,12.322
Cundinamarca,25898,Zipacón,2018,Total,4.659
Cundinamarca,25899,Zipaquirá,2018,Total,130.537
Chocó,27001,Quibdó,2018,Total,129.237
Chocó,27006,Acandí,2018,Total,13.999
Chocó,27025,Alto Baudó,2018,Total,27.584
Chocó,27050,Atrato,2018,Total,6.063
Chocó,27073,Bagadó,2018,Total,11.011
Chocó,27075,Bahía Solano,2018,Total,10.123
Chocó,27077,Bajo Baudó,2018,Total,29.957
Chocó,27099,Bojayá,2018,Total,12.073
Chocó,27135,El Cantón del San Pablo,2018,Total,6.116
Chocó,27150,Carmen del Darién,2018,Total,18.433
Chocó,27160,Cértegui,2018,Total,5.635
Chocó,27205,Condoto,2018,Total,12.663
Chocó,27245,El Carmen de Atrato,2018,Total,8.193
Chocó,27250,El Litoral del San Juan,2018,Total,21.669
Chocó,27361,Istmina,2018,Total,30.742
Chocó,27372,Juradó,2018,Total,6.685
Chocó,27413,Lloró,2018,Total,9.786
Chocó,27425,Medio Atrato,2018,Total,10.672
Chocó,27430,Medio Baudó,2018,Total,15.109
Chocó,27450,Medio San Juan,2018,Total,10.579
Chocó,27491,Nóvita,2018,Total,9.153
Chocó,27495,Nuquí,2018,Total,16.223
Chocó,27580,Río Iró,2018,Total,5.467
Chocó,27600,Río Quito,2018,Total,8.236
Chocó,27615,Riosucio,2018,Total,53.449
Chocó,27660,San José del Palmar,2018,Total,5.114
Chocó,27745,Sipí,2018,Total,3.174
Chocó,27787,Tadó,2018,Total,18.011
Chocó,27800,Unguía,2018,Total,12.854
Chocó,27810,Unión Panamericana,2018,Total,6.816
Huila,41001,Neiva,2018,Total,357.392
Huila,41006,Acevedo,2018,Total,24.774
Huila,41013,Agrado,2018,Total,8.800
Huila,41016,Aipe,2018,Total,16.163
Huila,41020,Algeciras,2018,Total,22.481
Huila,41026,Altamira,2018,Total,4.275
Huila,41078,Baraya,2018,Total,8.338
Huila,41132,Campoalegre,2018,Total,31.087
Huila,41206,Colombia,2018,Total,7.285
Huila,41244,Elías,2018,Total,4.211
Huila,41298,Garzón,2018,Total,72.382
Huila,41306,Gigante,2018,Total,24.583
Huila,41319,Guadalupe,2018,Total,17.890
Huila,41349,Hobo,2018,Total,7.286
Huila,41357,Íquira,2018,Total,9.248
Huila,41359,Isnos,2018,Total,25.186
Huila,41378,La Argentina,2018,Total,12.866
Huila,41396,La Plata,2018,Total,61.026
Huila,41483,Nátaga,2018,Total,6.469
Huila,41503,Oporapa,2018,Total,11.629
Huila,41518,Paicol,2018,Total,6.583
Huila,41524,Palermo,2018,Total,26.279
Huila,41530,Palestina,2018,Total,11.159
Huila,41548,Pital,2018,Total,13.787
Huila,41551,Pitalito,2018,Total,124.359
Huila,41615,Rivera,2018,Total,24.312
Huila,41660,Saladoblanco,2018,Total,10.444
Huila,41668,San Agustín,2018,Total,33.028
Huila,41676,Santa María,2018,Total,10.405
Huila,41770,Suaza,2018,Total,21.853
Huila,41791,Tarqui,2018,Total,17.440
Huila,41797,Tesalia,2018,Total,10.697
Huila,41799,Tello,2018,Total,11.800
Huila,41801,Teruel,2018,Total,8.052
Huila,41807,Timaná,2018,Total,21.799
Huila,41872,Villavieja,2018,Total,7.288
Huila,41885,Yaguará,2018,Total,7.730
La Guajira,44001,Riohacha,2018,Total,188.014
La Guajira,44035,Albania,2018,Total,29.148
La Guajira,44078,Barrancas,2018,Total,35.743
La Guajira,44090,Dibulla,2018,Total,37.740
La Guajira,44098,Distracción,2018,Total,13.016
La Guajira,44110,El Molino,2018,Total,7.185
La Guajira,44279,Fonseca,2018,Total,42.772
La Guajira,44378,Hatonuevo,2018,Total,20.044
La Guajira,44420,La Jagua del Pilar,2018,Total,3.498
La Guajira,44430,Maicao,2018,Total,170.582
La Guajira,44560,Manaure,2018,Total,83.072
La Guajira,44650,San Juan del Cesar,2018,Total,46.953
La Guajira,44847,Uribia,2018,Total,163.462
La Guajira,44855,Urumita,2018,Total,10.985
La Guajira,44874,Villanueva,2018,Total,28.346
Magdalena,47001,Santa Marta,2018,Total,499.192
Magdalena,47030,Algarrobo,2018,Total,15.511
Magdalena,47053,Aracataca,2018,Total,39.857
Magdalena,47058,Ariguaní,2018,Total,30.218
Magdalena,47161,Cerro de San Antonio,2018,Total,9.890
Magdalena,47170,Chibolo,2018,Total,21.862
Magdalena,47189,Ciénaga,2018,Total,120.071
Magdalena,47205,Concordia,2018,Total,10.505
Magdalena,47245,El Banco,2018,Total,65.457
Magdalena,47258,El Piñón,2018,Total,22.530
Magdalena,47268,El Retén,2018,Total,19.697
Magdalena,47288,Fundación,2018,Total,66.433
Magdalena,47318,Guamal,2018,Total,26.620
Magdalena,47460,Nueva Granada,2018,Total,19.663
Magdalena,47541,Pedraza,2018,Total,9.196
Magdalena,47545,Pijiño del Carmen,2018,Total,12.093
Magdalena,47551,Pivijay,2018,Total,37.341
Magdalena,47555,Plato,2018,Total,61.766
Magdalena,47570,Puebloviejo,2018,Total,29.824
Magdalena,47605,Remolino,2018,Total,11.445
Magdalena,47660,Sabanas de San Ángel,2018,Total,15.644
Magdalena,47675,Salamina,2018,Total,10.733
Magdalena,47692,San Sebastián de Buenavista,2018,Total,19.523
Magdalena,47703,San Zenón,2018,Total,11.681
Magdalena,47707,Santa Ana,2018,Total,25.438
Magdalena,47720,Santa Bárbara de Pinto,2018,Total,10.575
Magdalena,47745,Sitionuevo,2018,Total,27.128
Magdalena,47798,Tenerife,2018,Total,13.236
Magdalena,47960,Zapayán,2018,Total,9.895
Magdalena,47980,Zona Bananera,2018,Total,68.722
Meta,50001,Villavicencio,2018,Total,531.275
Meta,50006,Acacías,2018,Total,88.023
Meta,50110,Barranca de Upía,2018,Total,6.440
Meta,50124,Cabuyaro,2018,Total,6.062
Meta,50150,Castilla la Nueva,2018,Total,14.300
Meta,50223,Cubarral,2018,Total,6.963
Meta,50226,Cumaral,2018,Total,22.831
Meta,50245,El Calvario,2018,Total,1.776
Meta,50251,El Castillo,2018,Total,7.977
Meta,50270,El Dorado,2018,Total,3.888
Meta,50287,Fuente de Oro,2018,Total,12.129
Meta,50313,Granada,2018,Total,68.876
Meta,50318,Guamal,2018,Total,14.119
Meta,50325,Mapiripán,2018,Total,7.007
Meta,50330,Mesetas,2018,Total,11.159
Meta,50350,La Macarena,2018,Total,26.890
Meta,50370,Uribe,2018,Total,9.284
Meta,50400,Lejanías,2018,Total,11.463
Meta,50450,Puerto Concordia,2018,Total,8.390
Meta,50568,Puerto Gaitán,2018,Total,41.513
Meta,50573,Puerto López,2018,Total,30.399
Meta,50577,Puerto Lleras,2018,Total,10.423
Meta,50590,Puerto Rico,2018,Total,13.061
Meta,50606,Restrepo,2018,Total,18.268
Meta,50680,San Carlos de Guaroa,2018,Total,12.296
Meta,50683,San Juan de Arama,2018,Total,9.118
Meta,50686,San Juanito,2018,Total,1.307
Meta,50689,San Martín,2018,Total,26.707
Meta,50711,Vistahermosa,2018,Total,17.778
Nariño,52001,Pasto,2018,Total,392.930
Nariño,52019,Albán,2018,Total,9.642
Nariño,52022,Aldana,2018,Total,7.392
Nariño,52036,Ancuya,2018,Total,8.801
Nariño,52051,Arboleda,2018,Total,8.443
Nariño,52079,Barbacoas,2018,Total,55.633
Nariño,52083,Belén,2018,Total,6.322
Nariño,52110,Buesaco,2018,Total,23.908
Nariño,52203,Colón,2018,Total,8.526
Nariño,52207,Consacá,2018,Total,13.784
Nariño,52210,Contadero,2018,Total,7.270
Nariño,52215,Córdoba,2018,Total,15.516
Nariño,52224,Cuaspud Carlosama,2018,Total,9.201
Nariño,52227,Cumbal,2018,Total,36.864
Nariño,52233,Cumbitara,2018,Total,5.948
Nariño,52240,Chachagüí,2018,Total,15.354
Nariño,52250,El Charco,2018,Total,22.505
Nariño,52254,El Peñol,2018,Total,7.446
Nariño,52256,El Rosario,2018,Total,12.280
Nariño,52258,El Tablón de Gómez,2018,Total,14.342
Nariño,52260,El Tambo,2018,Total,14.283
Nariño,52287,Funes,2018,Total,7.222
Nariño,52317,Guachucal,2018,Total,19.450
Nariño,52320,Guaitarilla,2018,Total,11.582
Nariño,52323,Gualmatán,2018,Total,7.057
Nariño,52352,Iles,2018,Total,7.662
Nariño,52354,Imués,2018,Total,7.657
Nariño,52356,Ipiales,2018,Total,116.136
Nariño,52378,La Cruz,2018,Total,18.754
Nariño,52381,La Florida,2018,Total,10.104
Nariño,52385,La Llanada,2018,Total,6.492
Nariño,52390,La Tola,2018,Total,7.411
Nariño,52399,La Unión,2018,Total,31.858
Nariño,52405,Leiva,2018,Total,9.768
Nariño,52411,Linares,2018,Total,10.236
Nariño,52418,Los Andes,2018,Total,9.547
Nariño,52427,Magüí,2018,Total,24.705
Nariño,52435,Mallama,2018,Total,8.976
Nariño,52473,Mosquera,2018,Total,11.984
Nariño,52480,Nariño,2018,Total,4.364
Nariño,52490,Olaya Herrera,2018,Total,25.358
Nariño,52506,Ospina,2018,Total,7.105
Nariño,52520,Francisco Pizarro,2018,Total,14.193
Nariño,52540,Policarpa,2018,Total,9.897
Nariño,52560,Potosí,2018,Total,10.414
Nariño,52565,Providencia,2018,Total,5.572
Nariño,52573,Puerres,2018,Total,8.581
Nariño,52585,Pupiales,2018,Total,17.491
Nariño,52612,Ricaurte,2018,Total,19.631
Nariño,52621,Roberto Payán,2018,Total,12.667
Nariño,52678,Samaniego,2018,Total,29.414
Nariño,52683,Sandoná,2018,Total,20.773
Nariño,52685,San Bernardo,2018,Total,9.202
Nariño,52687,San Lorenzo,2018,Total,18.473
Nariño,52693,San Pablo,2018,Total,15.389
Nariño,52694,San Pedro de Cartago,2018,Total,6.843
Nariño,52696,Santa Bárbara,2018,Total,13.427
Nariño,52699,Santacruz,2018,Total,10.796
Nariño,52720,Sapuyes,2018,Total,7.346
Nariño,52786,Taminango,2018,Total,17.854
Nariño,52788,Tangua,2018,Total,13.507
Nariño,52835,San Andrés de Tumaco,2018,Total,253.637
Nariño,52838,Túquerres,2018,Total,44.729
Nariño,52885,Yacuanquer,2018,Total,10.938
Norte de Santander,54001,San José de Cúcuta,2018,Total,711.715
Norte de Santander,54003,Ábrego,2018,Total,31.786
Norte de Santander,54051,Arboledas,2018,Total,9.605
Norte de Santander,54099,Bochalema,2018,Total,8.105
Norte de Santander,54109,Bucarasica,2018,Total,6.248
Norte de Santander,54125,Cácota,2018,Total,2.781
Norte de Santander,54128,Cáchira,2018,Total,10.995
Norte de Santander,54172,Chinácota,2018,Total,17.263
Norte de Santander,54174,Chitagá,2018,Total,11.564
Norte de Santander,54206,Convención,2018,Total,18.463
Norte de Santander,54223,Cucutilla,2018,Total,8.095
Norte de Santander,54239,Durania,2018,Total,4.541
Norte de Santander,54245,El Carmen,2018,Total,13.144
Norte de Santander,54250,El Tarra,2018,Total,20.093
Norte de Santander,54261,El Zulia,2018,Total,26.700
Norte de Santander,54313,Gramalote,2018,Total,7.295
Norte de Santander,54344,Hacarí,2018,Total,9.998
Norte de Santander,54347,Herrán,2018,Total,6.755
Norte de Santander,54377,Labateca,2018,Total,6.268
Norte de Santander,54385,La Esperanza,2018,Total,11.358
Norte de Santander,54398,La Playa,2018,Total,7.582
Norte de Santander,54405,Los Patios,2018,Total,89.091
Norte de Santander,54418,Lourdes,2018,Total,3.954
Norte de Santander,54480,Mutiscua,2018,Total,4.163
Norte de Santander,54498,Ocaña,2018,Total,118.273
Norte de Santander,54518,Pamplona,2018,Total,50.025
Norte de Santander,54520,Pamplonita,2018,Total,5.402
Norte de Santander,54553,Puerto Santander,2018,Total,8.502
Norte de Santander,54599,Ragonvalia,2018,Total,5.899
Norte de Santander,54660,Salazar,2018,Total,10.205
Norte de Santander,54670,San Calixto,2018,Total,12.011
Norte de Santander,54673,San Cayetano,2018,Total,6.978
Norte de Santander,54680,Santiago,2018,Total,3.361
Norte de Santander,54720,Sardinata,2018,Total,25.142
Norte de Santander,54743,Silos,2018,Total,6.162
Norte de Santander,54800,Teorama,2018,Total,16.193
Norte de Santander,54810,Tibú,2018,Total,53.586
Norte de Santander,54820,Toledo,2018,Total,15.440
Norte de Santander,54871,Villa Caro,2018,Total,4.996
Norte de Santander,54874,Villa del Rosario,2018,Total,101.952
Quindio,63001,Armenia,2018,Total,295.208
Quindio,63111,Buenavista,2018,Total,3.095
Quindio,63130,Calarcá,2018,Total,72.783
Quindio,63190,Circasia,2018,Total,28.162
Quindio,63212,Córdoba,2018,Total,5.642
Quindio,63272,Filandia,2018,Total,12.066
Quindio,63302,Génova,2018,Total,7.516
Quindio,63401,La Tebaida,2018,Total,33.451
Quindio,63470,Montenegro,2018,Total,36.751
Quindio,63548,Pijao,2018,Total,5.219
Quindio,63594,Quimbaya,2018,Total,30.751
Quindio,63690,Salento,2018,Total,9.260
Risaralda,66001,Pereira,2018,Total,467.269
Risaralda,66045,Apía,2018,Total,12.406
Risaralda,66075,Balboa,2018,Total,6.423
Risaralda,66088,Belén de Umbría,2018,Total,24.690
Risaralda,66170,Dosquebradas,2018,Total,217.178
Risaralda,66318,Guática,2018,Total,12.158
Risaralda,66383,La Celia,2018,Total,7.514
Risaralda,66400,La Virginia,2018,Total,27.923
Risaralda,66440,Marsella,2018,Total,16.940
Risaralda,66456,Mistrató,2018,Total,16.950
Risaralda,66572,Pueblo Rico,2018,Total,16.156
Risaralda,66594,Quinchía,2018,Total,27.292
Risaralda,66682,Santa Rosa de Cabal,2018,Total,77.838
Risaralda,66687,Santuario,2018,Total,12.664
Santander,68001,Bucaramanga,2018,Total,581.130
Santander,68013,Aguada,2018,Total,1.855
Santander,68020,Albania,2018,Total,4.129
Santander,68051,Aratoca,2018,Total,8.229
Santander,68077,Barbosa,2018,Total,31.050
Santander,68079,Barichara,2018,Total,10.486
Santander,68081,Barrancabermeja,2018,Total,203.537
Santander,68092,Betulia,2018,Total,5.941
Santander,68101,Bolívar,2018,Total,11.287
Santander,68121,Cabrera,2018,Total,1.937
Santander,68132,California,2018,Total,2.130
Santander,68147,Capitanejo,2018,Total,5.505
Santander,68152,Carcasí,2018,Total,4.292
Santander,68160,Cepitá,2018,Total,2.015
Santander,68162,Cerrito,2018,Total,6.729
Santander,68167,Charalá,2018,Total,12.270
Santander,68169,Charta,2018,Total,2.888
Santander,68176,Chimá,2018,Total,2.875
Santander,68179,Chipatá,2018,Total,5.075
Santander,68190,Cimitarra,2018,Total,32.947
Santander,68207,Concepción,2018,Total,5.738
Santander,68209,Confines,2018,Total,3.159
Santander,68211,Contratación,2018,Total,3.679
Santander,68217,Coromoro,2018,Total,5.015
Santander,68229,Curití,2018,Total,12.717
Santander,68235,El Carmen de Chucurí,2018,Total,20.916
Santander,68245,El Guacamayo,2018,Total,2.167
Santander,68250,El Peñón,2018,Total,5.279
Santander,68255,El Playón,2018,Total,13.713
Santander,68264,Encino,2018,Total,2.552
Santander,68266,Enciso,2018,Total,3.461
Santander,68271,Florián,2018,Total,5.562
Santander,68276,Floridablanca,2018,Total,291.935
Santander,68296,Galán,2018,Total,2.886
Santander,68298,Gámbita,2018,Total,4.021
Santander,68307,Girón,2018,Total,160.403
Santander,68318,Guaca,2018,Total,5.916
Santander,68320,Guadalupe,2018,Total,4.511
Santander,68322,Guapotá,2018,Total,2.375
Santander,68324,Guavatá,2018,Total,4.230
Santander,68327,Güepsa,2018,Total,5.114
Santander,68344,Hato,2018,Total,2.328
Santander,68368,Jesús María,2018,Total,3.342
Santander,68370,Jordán,2018,Total,1.314
Santander,68377,La Belleza,2018,Total,6.198
Santander,68385,Landázuri,2018,Total,10.384
Santander,68397,La Paz,2018,Total,4.953
Santander,68406,Lebrija,2018,Total,41.835
Santander,68418,Los Santos,2018,Total,14.106
Santander,68425,Macaravita,2018,Total,2.171
Santander,68432,Málaga,2018,Total,20.945
Santander,68444,Matanza,2018,Total,4.976
Santander,68464,Mogotes,2018,Total,10.527
Santander,68468,Molagavita,2018,Total,4.137
Santander,68498,Ocamonte,2018,Total,5.661
Santander,68500,Oiba,2018,Total,10.800
Santander,68502,Onzaga,2018,Total,4.183
Santander,68522,Palmar,2018,Total,1.361
Santander,68524,Palmas del Socorro,2018,Total,2.535
Santander,68533,Páramo,2018,Total,4.654
Santander,68547,Piedecuesta,2018,Total,170.625
Santander,68549,Pinchote,2018,Total,5.162
Santander,68572,Puente Nacional,2018,Total,14.654
Santander,68573,Puerto Parra,2018,Total,7.640
Santander,68575,Puerto Wilches,2018,Total,32.791
Santander,68615,Rionegro,2018,Total,26.438
Santander,68655,Sabana de Torres,2018,Total,33.055
Santander,68669,San Andrés,2018,Total,8.683
Santander,68673,San Benito,2018,Total,2.950
Santander,68679,San Gil,2018,Total,56.037
Santander,68682,San Joaquín,2018,Total,2.241
Santander,68684,San José de Miranda,2018,Total,4.367
Santander,68686,San Miguel,2018,Total,2.531
Santander,68689,San Vicente de Chucurí,2018,Total,33.133
Santander,68705,Santa Bárbara,2018,Total,2.401
Santander,68720,Santa Helena del Opón,2018,Total,3.389
Santander,68745,Simacota,2018,Total,10.042
Santander,68755,Socorro,2018,Total,32.158
Santander,68770,Suaita,2018,Total,10.031
Santander,68773,Sucre,2018,Total,7.202
Santander,68780,Suratá,2018,Total,3.975
Santander,68820,Tona,2018,Total,7.373
Santander,68855,Valle de San José,2018,Total,6.084
Santander,68861,Vélez,2018,Total,24.356
Santander,68867,Vetas,2018,Total,2.114
Santander,68872,Villanueva,2018,Total,7.873
Santander,68895,Zapatoca,2018,Total,9.466
Sucre,70001,Sincelejo,2018,Total,277.773
Sucre,70110,Buenavista,2018,Total,10.441
Sucre,70124,Caimito,2018,Total,15.231
Sucre,70204,Coloso,2018,Total,8.623
Sucre,70215,Corozal,2018,Total,67.371
Sucre,70221,Coveñas,2018,Total,18.250
Sucre,70230,Chalán,2018,Total,4.466
Sucre,70233,El Roble,2018,Total,9.944
Sucre,70235,Galeras,2018,Total,21.982
Sucre,70265,Guaranda,2018,Total,17.713
Sucre,70400,La Unión,2018,Total,12.349
Sucre,70418,Los Palmitos,2018,Total,22.880
Sucre,70429,Majagual,2018,Total,36.650
Sucre,70473,Morroa,2018,Total,15.061
Sucre,70508,Ovejas,2018,Total,22.871
Sucre,70523,Palmito,2018,Total,14.114
Sucre,70670,Sampués,2018,Total,46.455
Sucre,70678,San Benito Abad,2018,Total,28.673
Sucre,70702,San Juan de Betulia,2018,Total,13.535
Sucre,70708,San Marcos,2018,Total,57.672
Sucre,70713,San Onofre,2018,Total,49.633
Sucre,70717,San Pedro,2018,Total,18.590
Sucre,70742,San Luis de Sincé,2018,Total,30.773
Sucre,70771,Sucre,2018,Total,29.552
Sucre,70820,Santiago de Tolú,2018,Total,32.922
Sucre,70823,Tolú Viejo,2018,Total,21.339
Tolima,73001,Ibagué,2018,Total,529.635
Tolima,73024,Alpujarra,2018,Total,4.544
Tolima,73026,Alvarado,2018,Total,8.697
Tolima,73030,Ambalema,2018,Total,6.657
Tolima,73043,Anzoátegui,2018,Total,10.217
Tolima,73055,Armero,2018,Total,12.696
Tolima,73067,Ataco,2018,Total,19.330
Tolima,73124,Cajamarca,2018,Total,18.471
Tolima,73148,Carmen de Apicalá,2018,Total,10.117
Tolima,73152,Casabianca,2018,Total,6.373
Tolima,73168,Chaparral,2018,Total,50.367
Tolima,73200,Coello,2018,Total,8.248
Tolima,73217,Coyaima,2018,Total,22.813
Tolima,73226,Cunday,2018,Total,8.745
Tolima,73236,Dolores,2018,Total,8.359
Tolima,73268,Espinal,2018,Total,70.494
Tolima,73270,Falan,2018,Total,7.693
Tolima,73275,Flandes,2018,Total,28.389
Tolima,73283,Fresno,2018,Total,31.069
Tolima,73319,Guamo,2018,Total,32.940
Tolima,73347,Herveo,2018,Total,7.363
Tolima,73349,Honda,2018,Total,24.693
Tolima,73352,Icononzo,2018,Total,11.887
Tolima,73408,Lérida,2018,Total,18.574
Tolima,73411,Líbano,2018,Total,36.773
Tolima,73443,Mariquita,2018,Total,37.770
Tolima,73449,Melgar,2018,Total,36.536
Tolima,73461,Murillo,2018,Total,4.113
Tolima,73483,Natagaima,2018,Total,14.835
Tolima,73504,Ortega,2018,Total,34.607
Tolima,73520,Palocabildo,2018,Total,9.730
Tolima,73547,Piedras,2018,Total,6.711
Tolima,73555,Planadas,2018,Total,25.764
Tolima,73563,Prado,2018,Total,8.498
Tolima,73585,Purificación,2018,Total,23.536
Tolima,73616,Rioblanco,2018,Total,22.771
Tolima,73622,Roncesvalles,2018,Total,5.459
Tolima,73624,Rovira,2018,Total,21.674
Tolima,73671,Saldaña,2018,Total,14.435
Tolima,73675,San Antonio,2018,Total,12.896
Tolima,73678,San Luis,2018,Total,13.553
Tolima,73686,Santa Isabel,2018,Total,5.769
Tolima,73770,Suárez,2018,Total,3.813
Tolima,73854,Valle de San Juan,2018,Total,5.345
Tolima,73861,Venadillo,2018,Total,12.817
Tolima,73870,Villahermosa,2018,Total,9.283
Tolima,73873,Villarrica,2018,Total,5.128
Valle del Cauca,76001,Cali,2018,Total,2.227.642
Valle del Cauca,76020,Alcalá,2018,Total,14.062
Valle del Cauca,76036,Andalucía,2018,Total,22.436
Valle del Cauca,76041,Ansermanuevo,2018,Total,17.448
Valle del Cauca,76054,Argelia,2018,Total,5.397
Valle del Cauca,76100,Bolívar,2018,Total,16.021
Valle del Cauca,76109,Buenaventura,2018,Total,308.188
Valle del Cauca,76111,Guadalajara de Buga,2018,Total,127.545
Valle del Cauca,76113,Bugalagrande,2018,Total,24.318
Valle del Cauca,76122,Caicedonia,2018,Total,28.825
Valle del Cauca,76126,Calima,2018,Total,18.054
Valle del Cauca,76130,Candelaria,2018,Total,91.825
Valle del Cauca,76147,Cartago,2018,Total,135.729
Valle del Cauca,76233,Dagua,2018,Total,48.443
Valle del Cauca,76243,El Águila,2018,Total,8.909
Valle del Cauca,76246,El Cairo,2018,Total,6.845
Valle del Cauca,76248,El Cerrito,2018,Total,56.470
Valle del Cauca,76250,El Dovio,2018,Total,8.886
Valle del Cauca,76275,Florida,2018,Total,57.374
Valle del Cauca,76306,Ginebra,2018,Total,22.741
Valle del Cauca,76318,Guacarí,2018,Total,33.191
Valle del Cauca,76364,Jamundí,2018,Total,159.877
Valle del Cauca,76377,La Cumbre,2018,Total,16.316
Valle del Cauca,76400,La Unión,2018,Total,33.953
Valle del Cauca,76403,La Victoria,2018,Total,12.174
Valle del Cauca,76497,Obando,2018,Total,12.312
Valle del Cauca,76520,Palmira,2018,Total,349.294
Valle del Cauca,76563,Pradera,2018,Total,47.615
Valle del Cauca,76606,Restrepo,2018,Total,15.307
Valle del Cauca,76616,Riofrío,2018,Total,15.554
Valle del Cauca,76622,Roldanillo,2018,Total,36.797
Valle del Cauca,76670,San Pedro,2018,Total,16.942
Valle del Cauca,76736,Sevilla,2018,Total,42.133
Valle del Cauca,76823,Toro,2018,Total,14.612
Valle del Cauca,76828,Trujillo,2018,Total,19.226
Valle del Cauca,76834,Tuluá,2018,Total,212.685
Valle del Cauca,76845,Ulloa,2018,Total,5.465
Valle del Cauca,76863,Versalles,2018,Total,7.263
Valle del Cauca,76869,Vijes,2018,Total,12.734
Valle del Cauca,76890,Yotoco,2018,Total,16.019
Valle del Cauca,76892,Yumbo,2018,Total,107.334
Valle del Cauca,76895,Zarzal,2018,Total,41.925
Arauca,81001,Arauca,2018,Total,85.585
Arauca,81065,Arauquita,2018,Total,49.841
Arauca,81220,Cravo Norte,2018,Total,3.925
Arauca,81300,Fortul,2018,Total,18.938
Arauca,81591,Puerto Rondón,2018,Total,4.399
Arauca,81736,Saravena,2018,Total,55.554
Arauca,81794,Tame,2018,Total,43.932
Casanare,85001,Yopal,2018,Total,168.433
Casanare,85010,Aguazul,2018,Total,36.915
Casanare,85015,Chámeza,2018,Total,2.500
Casanare,85125,Hato Corozal,2018,Total,12.328
Casanare,85136,La Salina,2018,Total,1.417
Casanare,85139,Maní,2018,Total,17.211
Casanare,85162,Monterrey,2018,Total,17.537
Casanare,85225,Nunchía,2018,Total,8.826
Casanare,85230,Orocué,2018,Total,12.340
Casanare,85250,Paz de Ariporo,2018,Total,36.277
Casanare,85263,Pore,2018,Total,11.967
Casanare,85279,Recetor,2018,Total,1.634
Casanare,85300,Sabanalarga,2018,Total,3.625
Casanare,85315,Sácama,2018,Total,2.090
Casanare,85325,San Luis de Palenque,2018,Total,8.466
Casanare,85400,Támara,2018,Total,6.873
Casanare,85410,Tauramena,2018,Total,23.527
Casanare,85430,Trinidad,2018,Total,13.233
Casanare,85440,Villanueva,2018,Total,35.305
Putumayo,86001,Mocoa,2018,Total,56.398
Putumayo,86219,Colón,2018,Total,5.407
Putumayo,86320,Orito,2018,Total,37.745
Putumayo,86568,Puerto Asís,2018,Total,64.867
Putumayo,86569,Puerto Caicedo,2018,Total,16.095
Putumayo,86571,Puerto Guzmán,2018,Total,35.390
Putumayo,86573,Puerto Leguízamo,2018,Total,28.468
Putumayo,86749,Sibundoy,2018,Total,14.940
Putumayo,86755,San Francisco,2018,Total,5.645
Putumayo,86757,San Miguel,2018,Total,18.780
Putumayo,86760,Santiago,2018,Total,7.290
Putumayo,86865,Valle del Guamuez,2018,Total,33.457
Putumayo,86885,Villagarzón,2018,Total,23.700
Archipiélago de San Andrés,88001,San Andrés,2018,Total,55.291
Archipiélago de San Andrés,88564,Providencia,2018,Total,5.989
Amazonas,91001,Leticia,2018,Total,48.144
Amazonas,91263,El Encanto (CD),2018,Total,2.100
Amazonas,91405,La Chorrera (CD),2018,Total,2.967
Amazonas,91407,La Pedrera (CD),2018,Total,3.820
Amazonas,91430,La Victoria (CD),2018,Total,644
Amazonas,91460,Miriti - Paraná (CD),2018,Total,1.850
Amazonas,91530,Puerto Alegría (CD),2018,Total,748
Amazonas,91536,Puerto Arica (CD),2018,Total,1.013
Amazonas,91540,Puerto Nariño,2018,Total,9.744
Amazonas,91669,Puerto Santander (CD),2018,Total,1.758
Amazonas,91798,Tarapacá (CD),2018,Total,3.801
Guainía,94001,Inírida,2018,Total,31.514
Guainía,94343,Barrancominas (CD),2018,Total,8.088
Guainía,94663,Mapiripana (CD),2018,Total,1.022
Guainía,94883,San Felipe (CD),2018,Total,1.667
Guainía,94884,Puerto Colombia (CD),2018,Total,1.874
Guainía,94885,La Guadalupe (CD),2018,Total,279
Guainía,94886,Cacahual (CD),2018,Total,863
Guainía,94887,Pana Pana (CD),2018,Total,1.899
Guainía,94888,Morichal (CD),2018,Total,908
Guaviare,95001,San José del Guaviare,2018,Total,52.815
Guaviare,95015,Calamar,2018,Total,9.528
Guaviare,95025,El Retorno,2018,Total,13.653
Guaviare,95200,Miraflores,2018,Total,6.771
Vaupés,97001,Mitú,2018,Total,29.850
Vaupés,97161,Carurú,2018,Total,2.915
Vaupés,97511,Pacoa (CD),2018,Total,4.042
Vaupés,97666,Taraira,2018,Total,2.215
Vaupés,97777,Papunahua (CD),2018,Total,727
Vaupés,97889,Yavaraté (CD),2018,Total,1.048
Vichada,99001,Puerto Carreño,2018,Total,20.936
Vichada,99524,La Primavera,2018,Total,10.122
Vichada,99624,Santa Rosalía,2018,Total,4.059
Vichada,99773,Cumaribo,2018,Total,72.691
